workload,model_size,batch,H,W,precision,num_inputs,num_outputs,total_input_bytes,total_output_bytes,weight_bytes,param_count,op_Add,op_Concat,op_Constant,op_Conv,op_GlobalAveragePool,op_Mul,op_Reshape,op_Sigmoid,op_Split,Avg_cpu_mem_MB,Max_cpu_mem_MB
cls,n,1,320,320,fp16,1,1,614400,32000,10863520,2715880,6,4,4,26,1,26,0,26,4,237.0,647.0
cls,n,1,320,320,fp32,1,1,1228800,32000,10863520,2715880,6,4,4,26,1,26,0,26,4,291.0,536.0
cls,n,1,320,320,int8,1,1,307200,32000,10863520,2715880,6,4,4,26,1,26,0,26,4,297.0,541.0
cls,n,1,480,480,fp16,1,1,1382400,32000,10863520,2715880,6,4,4,26,1,26,0,26,4,335.0,745.0
cls,n,1,480,480,fp32,1,1,2764800,32000,10863520,2715880,6,4,4,26,1,26,0,26,4,314.0,754.0
cls,n,1,480,480,int8,1,1,691200,32000,10863520,2715880,6,4,4,26,1,26,0,26,4,317.0,658.0
cls,n,1,640,640,fp16,1,1,2457600,32000,10863520,2715880,6,4,4,26,1,26,0,26,4,384.0,950.0
cls,n,1,640,640,int8,1,1,1228800,32000,10863520,2715880,6,4,4,26,1,26,0,26,4,395.0,952.0
cls,n,2,320,320,fp16,1,1,1228800,32000,10863520,2715880,6,4,4,26,1,26,0,26,4,285.0,535.0
cls,n,2,320,320,fp32,1,1,2457600,32000,10863520,2715880,6,4,4,26,1,26,0,26,4,271.0,512.0
cls,n,2,320,320,int8,1,1,614400,32000,10863520,2715880,6,4,4,26,1,26,0,26,4,270.0,521.0
cls,n,2,480,480,fp16,1,1,2764800,32000,10863520,2715880,6,4,4,26,1,26,0,26,4,323.0,737.0
cls,n,2,480,480,fp32,1,1,5529600,32000,10863520,2715880,6,4,4,26,1,26,0,26,4,322.0,740.0
cls,n,2,480,480,int8,1,1,1382400,32000,10863520,2715880,6,4,4,26,1,26,0,26,4,318.0,720.0
cls,n,2,640,640,fp16,1,1,4915200,32000,10863520,2715880,6,4,4,26,1,26,0,26,4,398.0,930.0
cls,n,2,640,640,fp32,1,1,9830400,32000,10863520,2715880,6,4,4,26,1,26,0,26,4,371.0,984.0
cls,n,2,640,640,int8,1,1,2457600,32000,10863520,2715880,6,4,4,26,1,26,0,26,4,416.0,968.0
cls,n,4,320,320,fp16,1,1,2457600,32000,10863520,2715880,6,4,4,26,1,26,0,26,4,281.0,542.0
cls,n,4,320,320,fp32,1,1,4915200,32000,10863520,2715880,6,4,4,26,1,26,0,26,4,273.0,532.0
cls,n,4,320,320,int8,1,1,1228800,32000,10863520,2715880,6,4,4,26,1,26,0,26,4,280.0,545.0
cls,n,4,480,480,fp16,1,1,5529600,32000,10863520,2715880,6,4,4,26,1,26,0,26,4,321.0,737.0
cls,n,4,480,480,fp32,1,1,11059200,32000,10863520,2715880,6,4,4,26,1,26,0,26,4,351.0,829.0
cls,n,4,480,480,int8,1,1,2764800,32000,10863520,2715880,6,4,4,26,1,26,0,26,4,299.0,726.0
cls,n,4,640,640,fp16,1,1,9830400,32000,10863520,2715880,6,4,4,26,1,26,0,26,4,396.0,939.0
cls,n,4,640,640,fp32,1,1,19660800,32000,10863520,2715880,6,4,4,26,1,26,0,26,4,344.0,949.0
cls,n,4,640,640,int8,1,1,4915200,32000,10863520,2715880,6,4,4,26,1,26,0,26,4,349.0,964.0
cls,n,8,320,320,fp16,1,1,4915200,32000,10863520,2715880,6,4,4,26,1,26,0,26,4,294.0,561.0
cls,n,8,320,320,fp32,1,1,9830400,32000,10863520,2715880,6,4,4,26,1,26,0,26,4,281.0,570.0
cls,n,8,320,320,int8,1,1,2457600,32000,10863520,2715880,6,4,4,26,1,26,0,26,4,287.0,565.0
cls,n,8,480,480,fp16,1,1,11059200,32000,10863520,2715880,6,4,4,26,1,26,0,26,4,304.0,707.0
cls,n,8,480,480,fp32,1,1,22118400,32000,10863520,2715880,6,4,4,26,1,26,0,26,4,301.0,714.0
cls,n,8,480,480,int8,1,1,5529600,32000,10863520,2715880,6,4,4,26,1,26,0,26,4,320.0,776.0
cls,n,8,640,640,fp16,1,1,19660800,32000,10863520,2715880,6,4,4,26,1,26,0,26,4,358.0,820.0
cls,n,8,640,640,fp32,1,1,39321600,32000,10863520,2715880,6,4,4,26,1,26,0,26,4,309.0,550.0
cls,n,8,640,640,int8,1,1,9830400,32000,10863520,2715880,6,4,4,26,1,26,0,26,4,368.0,768.0
cls,s,1,320,320,fp16,1,1,614400,32000,25424800,6356200,6,4,4,26,1,26,0,26,4,294.0,519.0
cls,s,1,320,320,fp32,1,1,1228800,32000,25424800,6356200,6,4,4,26,1,26,0,26,4,296.0,543.0
cls,s,1,320,320,int8,1,1,307200,32000,25424800,6356200,6,4,4,26,1,26,0,26,4,315.0,525.0
cls,s,1,480,480,fp16,1,1,1382400,32000,25424800,6356200,6,4,4,26,1,26,0,26,4,295.0,661.0
cls,s,1,480,480,fp32,1,1,2764800,32000,25424800,6356200,6,4,4,26,1,26,0,26,4,334.0,551.0
cls,s,1,480,480,int8,1,1,691200,32000,25424800,6356200,6,4,4,26,1,26,0,26,4,344.0,736.0
cls,s,1,640,640,fp16,1,1,2457600,32000,25424800,6356200,6,4,4,26,1,26,0,26,4,373.0,809.0
cls,s,1,640,640,fp32,1,1,4915200,32000,25424800,6356200,6,4,4,26,1,26,0,26,4,369.0,819.0
cls,s,1,640,640,int8,1,1,1228800,32000,25424800,6356200,6,4,4,26,1,26,0,26,4,391.0,872.0
cls,s,2,320,320,fp16,1,1,1228800,32000,25424800,6356200,6,4,4,26,1,26,0,26,4,294.0,528.0
cls,s,2,320,320,fp32,1,1,2457600,32000,25424800,6356200,6,4,4,26,1,26,0,26,4,290.0,532.0
cls,s,2,320,320,int8,1,1,614400,32000,25424800,6356200,6,4,4,26,1,26,0,26,4,284.0,523.0
cls,s,2,480,480,fp16,1,1,2764800,32000,25424800,6356200,6,4,4,26,1,26,0,26,4,367.0,739.0
cls,s,2,480,480,fp32,1,1,5529600,32000,25424800,6356200,6,4,4,26,1,26,0,26,4,365.0,732.0
cls,s,2,480,480,int8,1,1,1382400,32000,25424800,6356200,6,4,4,26,1,26,0,26,4,365.0,736.0
cls,s,2,640,640,fp16,1,1,4915200,32000,25424800,6356200,6,4,4,26,1,26,0,26,4,421.0,980.0
cls,s,2,640,640,fp32,1,1,9830400,32000,25424800,6356200,6,4,4,26,1,26,0,26,4,414.0,964.0
cls,s,2,640,640,int8,1,1,2457600,32000,25424800,6356200,6,4,4,26,1,26,0,26,4,382.0,967.0
cls,s,4,320,320,fp16,1,1,2457600,32000,25424800,6356200,6,4,4,26,1,26,0,26,4,319.0,620.0
cls,s,4,320,320,fp32,1,1,4915200,32000,25424800,6356200,6,4,4,26,1,26,0,26,4,302.0,533.0
cls,s,4,320,320,int8,1,1,1228800,32000,25424800,6356200,6,4,4,26,1,26,0,26,4,283.0,545.0
cls,s,4,480,480,fp16,1,1,5529600,32000,25424800,6356200,6,4,4,26,1,26,0,26,4,344.0,708.0
cls,s,4,480,480,fp32,1,1,11059200,32000,25424800,6356200,6,4,4,26,1,26,0,26,4,334.0,745.0
cls,s,4,480,480,int8,1,1,2764800,32000,25424800,6356200,6,4,4,26,1,26,0,26,4,335.0,698.0
cls,s,4,640,640,fp16,1,1,9830400,32000,25424800,6356200,6,4,4,26,1,26,0,26,4,341.0,955.0
cls,s,4,640,640,fp32,1,1,19660800,32000,25424800,6356200,6,4,4,26,1,26,0,26,4,364.0,955.0
cls,s,4,640,640,int8,1,1,4915200,32000,25424800,6356200,6,4,4,26,1,26,0,26,4,361.0,958.0
cls,s,8,320,320,fp16,1,1,4915200,32000,25424800,6356200,6,4,4,26,1,26,0,26,4,285.0,557.0
cls,s,8,320,320,fp32,1,1,9830400,32000,25424800,6356200,6,4,4,26,1,26,0,26,4,313.0,552.0
cls,s,8,320,320,int8,1,1,2457600,32000,25424800,6356200,6,4,4,26,1,26,0,26,4,316.0,565.0
cls,s,8,480,480,fp16,1,1,11059200,32000,25424800,6356200,6,4,4,26,1,26,0,26,4,302.0,679.0
cls,s,8,480,480,fp32,1,1,22118400,32000,25424800,6356200,6,4,4,26,1,26,0,26,4,306.0,681.0
cls,s,8,480,480,int8,1,1,5529600,32000,25424800,6356200,6,4,4,26,1,26,0,26,4,318.0,778.0
cls,s,8,640,640,fp16,1,1,19660800,32000,25424800,6356200,6,4,4,26,1,26,0,26,4,302.0,592.0
cls,s,8,640,640,fp32,1,1,39321600,32000,25424800,6356200,6,4,4,26,1,26,0,26,4,314.0,603.0
cls,s,8,640,640,int8,1,1,9830400,32000,25424800,6356200,6,4,4,26,1,26,0,26,4,359.0,738.0
det,n,1,320,320,fp16,1,1,614400,5644800,12607616,3151904,9,19,22,64,0,60,5,58,9,403.0,704.0
det,n,1,320,320,fp32,1,1,1228800,5644800,12607616,3151904,9,19,22,64,0,60,5,58,9,363.0,702.0
det,n,1,320,320,int8,1,1,307200,5644800,12607616,3151904,9,19,22,64,0,60,5,58,9,344.0,704.0
det,n,1,480,480,fp16,1,1,1382400,5644800,12607616,3151904,9,19,22,64,0,60,5,58,9,368.0,708.0
det,n,1,480,480,fp32,1,1,2764800,5644800,12607616,3151904,9,19,22,64,0,60,5,58,9,347.0,704.0
det,n,1,480,480,int8,1,1,691200,5644800,12607616,3151904,9,19,22,64,0,60,5,58,9,353.0,706.0
det,n,1,640,640,fp16,1,1,2457600,5644800,12607616,3151904,9,19,22,64,0,60,5,58,9,386.0,723.0
det,n,1,640,640,int8,1,1,1228800,5644800,12607616,3151904,9,19,22,64,0,60,5,58,9,392.0,717.0
det,n,2,320,320,fp16,1,1,1228800,5644800,12607616,3151904,9,19,22,64,0,60,5,58,9,333.0,689.0
det,n,2,320,320,fp32,1,1,2457600,5644800,12607616,3151904,9,19,22,64,0,60,5,58,9,325.0,714.0
det,n,2,320,320,int8,1,1,614400,5644800,12607616,3151904,9,19,22,64,0,60,5,58,9,330.0,696.0
det,n,2,480,480,fp16,1,1,2764800,5644800,12607616,3151904,9,19,22,64,0,60,5,58,9,362.0,717.0
det,n,2,480,480,fp32,1,1,5529600,5644800,12607616,3151904,9,19,22,64,0,60,5,58,9,376.0,724.0
det,n,2,480,480,int8,1,1,1382400,5644800,12607616,3151904,9,19,22,64,0,60,5,58,9,376.0,713.0
det,n,2,640,640,fp16,1,1,4915200,5644800,12607616,3151904,9,19,22,64,0,60,5,58,9,377.0,783.0
det,n,2,640,640,fp32,1,1,9830400,5644800,12607616,3151904,9,19,22,64,0,60,5,58,9,386.0,810.0
det,n,2,640,640,int8,1,1,2457600,5644800,12607616,3151904,9,19,22,64,0,60,5,58,9,362.0,719.0
det,n,4,320,320,fp16,1,1,2457600,5644800,12607616,3151904,9,19,22,64,0,60,5,58,9,351.0,711.0
det,n,4,320,320,fp32,1,1,4915200,5644800,12607616,3151904,9,19,22,64,0,60,5,58,9,350.0,716.0
det,n,4,320,320,int8,1,1,1228800,5644800,12607616,3151904,9,19,22,64,0,60,5,58,9,333.0,719.0
det,n,4,480,480,fp16,1,1,5529600,5644800,12607616,3151904,9,19,22,64,0,60,5,58,9,361.0,709.0
det,n,4,480,480,fp32,1,1,11059200,5644800,12607616,3151904,9,19,22,64,0,60,5,58,9,367.0,813.0
det,n,4,480,480,int8,1,1,2764800,5644800,12607616,3151904,9,19,22,64,0,60,5,58,9,345.0,701.0
det,n,4,640,640,fp16,1,1,9830400,5644800,12607616,3151904,9,19,22,64,0,60,5,58,9,354.0,803.0
det,n,4,640,640,fp32,1,1,19660800,5644800,12607616,3151904,9,19,22,64,0,60,5,58,9,402.0,832.0
det,n,4,640,640,int8,1,1,4915200,5644800,12607616,3151904,9,19,22,64,0,60,5,58,9,373.0,811.0
det,n,8,320,320,fp16,1,1,4915200,5644800,12607616,3151904,9,19,22,64,0,60,5,58,9,337.0,719.0
det,n,8,320,320,fp32,1,1,9830400,5644800,12607616,3151904,9,19,22,64,0,60,5,58,9,316.0,685.0
det,n,8,320,320,int8,1,1,2457600,5644800,12607616,3151904,9,19,22,64,0,60,5,58,9,320.0,707.0
det,n,8,480,480,fp16,1,1,11059200,5644800,12607616,3151904,9,19,22,64,0,60,5,58,9,339.0,755.0
det,n,8,480,480,fp32,1,1,22118400,5644800,12607616,3151904,9,19,22,64,0,60,5,58,9,326.0,737.0
det,n,8,480,480,int8,1,1,5529600,5644800,12607616,3151904,9,19,22,64,0,60,5,58,9,358.0,817.0
det,n,8,640,640,fp16,1,1,19660800,5644800,12607616,3151904,9,19,22,64,0,60,5,58,9,381.0,826.0
det,n,8,640,640,fp32,1,1,39321600,5644800,12607616,3151904,9,19,22,64,0,60,5,58,9,355.0,811.0
det,n,8,640,640,int8,1,1,9830400,5644800,12607616,3151904,9,19,22,64,0,60,5,58,9,336.0,735.0
det,s,1,320,320,fp16,1,1,614400,5644800,44626176,11156544,9,19,22,64,0,60,5,58,9,387.0,712.0
det,s,1,320,320,fp32,1,1,1228800,5644800,44626176,11156544,9,19,22,64,0,60,5,58,9,349.0,703.0
det,s,1,320,320,int8,1,1,307200,5644800,44626176,11156544,9,19,22,64,0,60,5,58,9,381.0,714.0
det,s,1,480,480,fp16,1,1,1382400,5644800,44626176,11156544,9,19,22,64,0,60,5,58,9,368.0,718.0
det,s,1,480,480,fp32,1,1,2764800,5644800,44626176,11156544,9,19,22,64,0,60,5,58,9,376.0,711.0
det,s,1,480,480,int8,1,1,691200,5644800,44626176,11156544,9,19,22,64,0,60,5,58,9,424.0,734.0
det,s,1,640,640,fp16,1,1,2457600,5644800,44626176,11156544,9,19,22,64,0,60,5,58,9,402.0,729.0
det,s,1,640,640,fp32,1,1,4915200,5644800,44626176,11156544,9,19,22,64,0,60,5,58,9,413.0,716.0
det,s,1,640,640,int8,1,1,1228800,5644800,44626176,11156544,9,19,22,64,0,60,5,58,9,407.0,710.0
det,s,2,320,320,fp16,1,1,1228800,5644800,44626176,11156544,9,19,22,64,0,60,5,58,9,375.0,726.0
det,s,2,320,320,fp32,1,1,2457600,5644800,44626176,11156544,9,19,22,64,0,60,5,58,9,334.0,703.0
det,s,2,320,320,int8,1,1,614400,5644800,44626176,11156544,9,19,22,64,0,60,5,58,9,329.0,700.0
det,s,2,480,480,fp16,1,1,2764800,5644800,44626176,11156544,9,19,22,64,0,60,5,58,9,376.0,739.0
det,s,2,480,480,fp32,1,1,5529600,5644800,44626176,11156544,9,19,22,64,0,60,5,58,9,360.0,723.0
det,s,2,480,480,int8,1,1,1382400,5644800,44626176,11156544,9,19,22,64,0,60,5,58,9,354.0,706.0
det,s,2,640,640,fp16,1,1,4915200,5644800,44626176,11156544,9,19,22,64,0,60,5,58,9,400.0,808.0
det,s,2,640,640,fp32,1,1,9830400,5644800,44626176,11156544,9,19,22,64,0,60,5,58,9,423.0,814.0
det,s,2,640,640,int8,1,1,2457600,5644800,44626176,11156544,9,19,22,64,0,60,5,58,9,395.0,794.0
det,s,4,320,320,fp16,1,1,2457600,5644800,44626176,11156544,9,19,22,64,0,60,5,58,9,325.0,708.0
det,s,4,320,320,fp32,1,1,4915200,5644800,44626176,11156544,9,19,22,64,0,60,5,58,9,360.0,801.0
det,s,4,320,320,int8,1,1,1228800,5644800,44626176,11156544,9,19,22,64,0,60,5,58,9,329.0,709.0
det,s,4,480,480,fp16,1,1,5529600,5644800,44626176,11156544,9,19,22,64,0,60,5,58,9,383.0,739.0
det,s,4,480,480,fp32,1,1,11059200,5644800,44626176,11156544,9,19,22,64,0,60,5,58,9,369.0,793.0
det,s,4,480,480,int8,1,1,2764800,5644800,44626176,11156544,9,19,22,64,0,60,5,58,9,389.0,815.0
det,s,4,640,640,fp16,1,1,9830400,5644800,44626176,11156544,9,19,22,64,0,60,5,58,9,363.0,800.0
det,s,4,640,640,fp32,1,1,19660800,5644800,44626176,11156544,9,19,22,64,0,60,5,58,9,383.0,816.0
det,s,4,640,640,int8,1,1,4915200,5644800,44626176,11156544,9,19,22,64,0,60,5,58,9,362.0,801.0
det,s,8,320,320,fp16,1,1,4915200,5644800,44626176,11156544,9,19,22,64,0,60,5,58,9,366.0,814.0
det,s,8,320,320,fp32,1,1,9830400,5644800,44626176,11156544,9,19,22,64,0,60,5,58,9,354.0,711.0
det,s,8,320,320,int8,1,1,2457600,5644800,44626176,11156544,9,19,22,64,0,60,5,58,9,374.0,805.0
det,s,8,480,480,fp16,1,1,11059200,5644800,44626176,11156544,9,19,22,64,0,60,5,58,9,342.0,725.0
det,s,8,480,480,fp32,1,1,22118400,5644800,44626176,11156544,9,19,22,64,0,60,5,58,9,332.0,723.0
det,s,8,480,480,int8,1,1,5529600,5644800,44626176,11156544,9,19,22,64,0,60,5,58,9,342.0,744.0
det,s,8,640,640,fp16,1,1,19660800,5644800,44626176,11156544,9,19,22,64,0,60,5,58,9,390.0,802.0
det,s,8,640,640,fp32,1,1,39321600,5644800,44626176,11156544,9,19,22,64,0,60,5,58,9,344.0,724.0
det,s,8,640,640,int8,1,1,9830400,5644800,44626176,11156544,9,19,22,64,0,60,5,58,9,358.0,720.0
obb,n,1,320,320,fp16,1,1,614400,1344000,12320576,3080144,9,21,22,73,0,69,8,65,11,1295.0,2207.0
obb,n,1,320,320,fp32,1,1,1228800,1344000,12320576,3080144,9,21,22,73,0,69,8,65,11,1062.0,2105.0
obb,n,1,320,320,int8,1,1,307200,1344000,12320576,3080144,9,21,22,73,0,69,8,65,11,1080.0,2140.0
obb,n,1,480,480,fp16,1,1,1382400,1344000,12320576,3080144,9,21,22,73,0,69,8,65,11,1104.0,2119.0
obb,n,1,480,480,fp32,1,1,2764800,1344000,12320576,3080144,9,21,22,73,0,69,8,65,11,1077.0,1890.0
obb,n,1,480,480,int8,1,1,691200,1344000,12320576,3080144,9,21,22,73,0,69,8,65,11,1123.0,1975.0
obb,n,1,640,640,fp16,1,1,2457600,1344000,12320576,3080144,9,21,22,73,0,69,8,65,11,1061.0,1898.0
obb,n,1,640,640,int8,1,1,1228800,1344000,12320576,3080144,9,21,22,73,0,69,8,65,11,1085.0,1904.0
obb,n,2,320,320,fp16,1,1,1228800,1344000,12320576,3080144,9,21,22,73,0,69,8,65,11,1107.0,2144.0
obb,n,2,320,320,fp32,1,1,2457600,1344000,12320576,3080144,9,21,22,73,0,69,8,65,11,1050.0,2134.0
obb,n,2,320,320,int8,1,1,614400,1344000,12320576,3080144,9,21,22,73,0,69,8,65,11,1032.0,2073.0
obb,n,2,480,480,fp16,1,1,2764800,1344000,12320576,3080144,9,21,22,73,0,69,8,65,11,1085.0,1900.0
obb,n,2,480,480,fp32,1,1,5529600,1344000,12320576,3080144,9,21,22,73,0,69,8,65,11,1068.0,1927.0
obb,n,2,480,480,int8,1,1,1382400,1344000,12320576,3080144,9,21,22,73,0,69,8,65,11,1105.0,2016.0
obb,n,2,640,640,fp16,1,1,4915200,1344000,12320576,3080144,9,21,22,73,0,69,8,65,11,1077.0,1922.0
obb,n,2,640,640,fp32,1,1,9830400,1344000,12320576,3080144,9,21,22,73,0,69,8,65,11,1076.0,1922.0
obb,n,2,640,640,int8,1,1,2457600,1344000,12320576,3080144,9,21,22,73,0,69,8,65,11,1101.0,1987.0
obb,n,4,320,320,fp16,1,1,2457600,1344000,12320576,3080144,9,21,22,73,0,69,8,65,11,1109.0,2084.0
obb,n,4,320,320,fp32,1,1,4915200,1344000,12320576,3080144,9,21,22,73,0,69,8,65,11,1083.0,2116.0
obb,n,4,320,320,int8,1,1,1228800,1344000,12320576,3080144,9,21,22,73,0,69,8,65,11,1089.0,2188.0
obb,n,4,480,480,fp16,1,1,5529600,1344000,12320576,3080144,9,21,22,73,0,69,8,65,11,1108.0,2027.0
obb,n,4,480,480,fp32,1,1,11059200,1344000,12320576,3080144,9,21,22,73,0,69,8,65,11,1088.0,1962.0
obb,n,4,480,480,int8,1,1,2764800,1344000,12320576,3080144,9,21,22,73,0,69,8,65,11,1101.0,2047.0
obb,n,4,640,640,fp16,1,1,9830400,1344000,12320576,3080144,9,21,22,73,0,69,8,65,11,1012.0,1937.0
obb,n,4,640,640,fp32,1,1,19660800,1344000,12320576,3080144,9,21,22,73,0,69,8,65,11,1029.0,1965.0
obb,n,4,640,640,int8,1,1,4915200,1344000,12320576,3080144,9,21,22,73,0,69,8,65,11,1083.0,1999.0
obb,n,8,320,320,fp16,1,1,4915200,1344000,12320576,3080144,9,21,22,73,0,69,8,65,11,1097.0,2214.0
obb,n,8,320,320,fp32,1,1,9830400,1344000,12320576,3080144,9,21,22,73,0,69,8,65,11,1079.0,2120.0
obb,n,8,320,320,int8,1,1,2457600,1344000,12320576,3080144,9,21,22,73,0,69,8,65,11,1053.0,2109.0
obb,n,8,480,480,fp16,1,1,11059200,1344000,12320576,3080144,9,21,22,73,0,69,8,65,11,1081.0,2071.0
obb,n,8,480,480,fp32,1,1,22118400,1344000,12320576,3080144,9,21,22,73,0,69,8,65,11,1020.0,1907.0
obb,n,8,480,480,int8,1,1,5529600,1344000,12320576,3080144,9,21,22,73,0,69,8,65,11,1105.0,2050.0
obb,n,8,640,640,fp16,1,1,19660800,1344000,12320576,3080144,9,21,22,73,0,69,8,65,11,1093.0,2072.0
obb,n,8,640,640,fp32,1,1,39321600,1344000,12320576,3080144,9,21,22,73,0,69,8,65,11,1084.0,2065.0
obb,n,8,640,640,int8,1,1,9830400,1344000,12320576,3080144,9,21,22,73,0,69,8,65,11,1172.0,2073.0
obb,s,1,320,320,fp16,1,1,614400,1344000,45669504,11417376,9,21,22,73,0,69,8,65,11,1092.0,2135.0
obb,s,1,320,320,fp32,1,1,1228800,1344000,45669504,11417376,9,21,22,73,0,69,8,65,11,1091.0,2134.0
obb,s,1,320,320,int8,1,1,307200,1344000,45669504,11417376,9,21,22,73,0,69,8,65,11,1075.0,2137.0
obb,s,1,480,480,fp16,1,1,1382400,1344000,45669504,11417376,9,21,22,73,0,69,8,65,11,1075.0,1994.0
obb,s,1,480,480,fp32,1,1,2764800,1344000,45669504,11417376,9,21,22,73,0,69,8,65,11,1135.0,2119.0
obb,s,1,480,480,int8,1,1,691200,1344000,45669504,11417376,9,21,22,73,0,69,8,65,11,1194.0,2087.0
obb,s,1,640,640,fp16,1,1,2457600,1344000,45669504,11417376,9,21,22,73,0,69,8,65,11,1129.0,1986.0
obb,s,1,640,640,int8,1,1,1228800,1344000,45669504,11417376,9,21,22,73,0,69,8,65,11,1110.0,1997.0
obb,s,2,320,320,fp16,1,1,1228800,1344000,45669504,11417376,9,21,22,73,0,69,8,65,11,1069.0,2172.0
obb,s,2,320,320,fp32,1,1,2457600,1344000,45669504,11417376,9,21,22,73,0,69,8,65,11,1044.0,2109.0
obb,s,2,320,320,int8,1,1,614400,1344000,45669504,11417376,9,21,22,73,0,69,8,65,11,1084.0,2153.0
obb,s,2,480,480,fp16,1,1,2764800,1344000,45669504,11417376,9,21,22,73,0,69,8,65,11,1172.0,2020.0
obb,s,2,480,480,fp32,1,1,5529600,1344000,45669504,11417376,9,21,22,73,0,69,8,65,11,1111.0,2126.0
obb,s,2,480,480,int8,1,1,1382400,1344000,45669504,11417376,9,21,22,73,0,69,8,65,11,1190.0,2132.0
obb,s,2,640,640,fp16,1,1,4915200,1344000,45669504,11417376,9,21,22,73,0,69,8,65,11,1172.0,2055.0
obb,s,2,640,640,int8,1,1,2457600,1344000,45669504,11417376,9,21,22,73,0,69,8,65,11,1088.0,2047.0
obb,s,4,320,320,fp16,1,1,2457600,1344000,45669504,11417376,9,21,22,73,0,69,8,65,11,1135.0,2191.0
obb,s,4,320,320,fp32,1,1,4915200,1344000,45669504,11417376,9,21,22,73,0,69,8,65,11,1117.0,2154.0
obb,s,4,320,320,int8,1,1,1228800,1344000,45669504,11417376,9,21,22,73,0,69,8,65,11,1132.0,2197.0
obb,s,4,480,480,fp16,1,1,5529600,1344000,45669504,11417376,9,21,22,73,0,69,8,65,11,1124.0,2096.0
obb,s,4,480,480,fp32,1,1,11059200,1344000,45669504,11417376,9,21,22,73,0,69,8,65,11,1138.0,2175.0
obb,s,4,480,480,int8,1,1,2764800,1344000,45669504,11417376,9,21,22,73,0,69,8,65,11,1084.0,2074.0
obb,s,4,640,640,fp16,1,1,9830400,1344000,45669504,11417376,9,21,22,73,0,69,8,65,11,1143.0,2177.0
obb,s,4,640,640,int8,1,1,4915200,1344000,45669504,11417376,9,21,22,73,0,69,8,65,11,1094.0,2074.0
obb,s,8,320,320,fp16,1,1,4915200,1344000,45669504,11417376,9,21,22,73,0,69,8,65,11,1047.0,2184.0
obb,s,8,320,320,fp32,1,1,9830400,1344000,45669504,11417376,9,21,22,73,0,69,8,65,11,1098.0,2146.0
obb,s,8,320,320,int8,1,1,2457600,1344000,45669504,11417376,9,21,22,73,0,69,8,65,11,1074.0,2143.0
obb,s,8,480,480,fp16,1,1,11059200,1344000,45669504,11417376,9,21,22,73,0,69,8,65,11,1115.0,2084.0
obb,s,8,480,480,fp32,1,1,22118400,1344000,45669504,11417376,9,21,22,73,0,69,8,65,11,1053.0,2080.0
obb,s,8,480,480,int8,1,1,5529600,1344000,45669504,11417376,9,21,22,73,0,69,8,65,11,1094.0,2152.0
obb,s,8,640,640,fp16,1,1,19660800,1344000,45669504,11417376,9,21,22,73,0,69,8,65,11,1093.0,2096.0
obb,s,8,640,640,int8,1,1,9830400,1344000,45669504,11417376,9,21,22,73,0,69,8,65,11,1115.0,2142.0
pose,n,1,320,320,fp16,1,1,614400,3763200,13159856,3289964,10,21,38,73,0,68,10,65,9,347.0,698.0
pose,n,1,320,320,fp32,1,1,1228800,3763200,13159856,3289964,10,21,38,73,0,68,10,65,9,338.0,708.0
pose,n,1,320,320,int8,1,1,307200,3763200,13159856,3289964,10,21,38,73,0,68,10,65,9,354.0,708.0
pose,n,1,480,480,fp16,1,1,1382400,3763200,13159856,3289964,10,21,38,73,0,68,10,65,9,351.0,724.0
pose,n,1,480,480,fp32,1,1,2764800,3763200,13159856,3289964,10,21,38,73,0,68,10,65,9,343.0,702.0
pose,n,1,480,480,int8,1,1,691200,3763200,13159856,3289964,10,21,38,73,0,68,10,65,9,368.0,706.0
pose,n,1,640,640,fp16,1,1,2457600,3763200,13159856,3289964,10,21,38,73,0,68,10,65,9,382.0,713.0
pose,n,1,640,640,int8,1,1,1228800,3763200,13159856,3289964,10,21,38,73,0,68,10,65,9,376.0,728.0
pose,n,2,320,320,fp16,1,1,1228800,3763200,13159856,3289964,10,21,38,73,0,68,10,65,9,319.0,688.0
pose,n,2,320,320,fp32,1,1,2457600,3763200,13159856,3289964,10,21,38,73,0,68,10,65,9,307.0,722.0
pose,n,2,320,320,int8,1,1,614400,3763200,13159856,3289964,10,21,38,73,0,68,10,65,9,302.0,696.0
pose,n,2,480,480,fp16,1,1,2764800,3763200,13159856,3289964,10,21,38,73,0,68,10,65,9,339.0,719.0
pose,n,2,480,480,fp32,1,1,5529600,3763200,13159856,3289964,10,21,38,73,0,68,10,65,9,348.0,723.0
pose,n,2,480,480,int8,1,1,1382400,3763200,13159856,3289964,10,21,38,73,0,68,10,65,9,366.0,719.0
pose,n,2,640,640,fp16,1,1,4915200,3763200,13159856,3289964,10,21,38,73,0,68,10,65,9,375.0,808.0
pose,n,2,640,640,fp32,1,1,9830400,3763200,13159856,3289964,10,21,38,73,0,68,10,65,9,394.0,803.0
pose,n,2,640,640,int8,1,1,2457600,3763200,13159856,3289964,10,21,38,73,0,68,10,65,9,380.0,728.0
pose,n,4,320,320,fp16,1,1,2457600,3763200,13159856,3289964,10,21,38,73,0,68,10,65,9,267.0,695.0
pose,n,4,320,320,fp32,1,1,4915200,3763200,13159856,3289964,10,21,38,73,0,68,10,65,9,286.0,707.0
pose,n,4,320,320,int8,1,1,1228800,3763200,13159856,3289964,10,21,38,73,0,68,10,65,9,331.0,685.0
pose,n,4,480,480,fp16,1,1,5529600,3763200,13159856,3289964,10,21,38,73,0,68,10,65,9,329.0,717.0
pose,n,4,480,480,fp32,1,1,11059200,3763200,13159856,3289964,10,21,38,73,0,68,10,65,9,345.0,709.0
pose,n,4,480,480,int8,1,1,2764800,3763200,13159856,3289964,10,21,38,73,0,68,10,65,9,323.0,731.0
pose,n,4,640,640,fp16,1,1,9830400,3763200,13159856,3289964,10,21,38,73,0,68,10,65,9,388.0,812.0
pose,n,4,640,640,fp32,1,1,19660800,3763200,13159856,3289964,10,21,38,73,0,68,10,65,9,373.0,812.0
pose,n,4,640,640,int8,1,1,4915200,3763200,13159856,3289964,10,21,38,73,0,68,10,65,9,365.0,800.0
pose,n,8,320,320,fp16,1,1,4915200,3763200,13159856,3289964,10,21,38,73,0,68,10,65,9,281.0,687.0
pose,n,8,320,320,fp32,1,1,9830400,3763200,13159856,3289964,10,21,38,73,0,68,10,65,9,311.0,707.0
pose,n,8,320,320,int8,1,1,2457600,3763200,13159856,3289964,10,21,38,73,0,68,10,65,9,298.0,678.0
pose,n,8,480,480,fp16,1,1,11059200,3763200,13159856,3289964,10,21,38,73,0,68,10,65,9,348.0,849.0
pose,n,8,480,480,fp32,1,1,22118400,3763200,13159856,3289964,10,21,38,73,0,68,10,65,9,344.0,821.0
pose,n,8,480,480,int8,1,1,5529600,3763200,13159856,3289964,10,21,38,73,0,68,10,65,9,346.0,821.0
pose,n,8,640,640,fp16,1,1,19660800,3763200,13159856,3289964,10,21,38,73,0,68,10,65,9,353.0,802.0
pose,n,8,640,640,fp32,1,1,39321600,3763200,13159856,3289964,10,21,38,73,0,68,10,65,9,302.0,721.0
pose,n,8,640,640,int8,1,1,9830400,3763200,13159856,3289964,10,21,38,73,0,68,10,65,9,302.0,716.0
pose,s,1,320,320,fp16,1,1,614400,3763200,46462896,11615724,10,21,38,73,0,68,10,65,9,378.0,714.0
pose,s,1,320,320,fp32,1,1,1228800,3763200,46462896,11615724,10,21,38,73,0,68,10,65,9,357.0,718.0
pose,s,1,320,320,int8,1,1,307200,3763200,46462896,11615724,10,21,38,73,0,68,10,65,9,382.0,717.0
pose,s,1,480,480,fp16,1,1,1382400,3763200,46462896,11615724,10,21,38,73,0,68,10,65,9,378.0,724.0
pose,s,1,480,480,fp32,1,1,2764800,3763200,46462896,11615724,10,21,38,73,0,68,10,65,9,374.0,720.0
pose,s,1,480,480,int8,1,1,691200,3763200,46462896,11615724,10,21,38,73,0,68,10,65,9,381.0,713.0
pose,s,1,640,640,fp16,1,1,2457600,3763200,46462896,11615724,10,21,38,73,0,68,10,65,9,419.0,725.0
pose,s,1,640,640,int8,1,1,1228800,3763200,46462896,11615724,10,21,38,73,0,68,10,65,9,372.0,706.0
pose,s,2,320,320,fp16,1,1,1228800,3763200,46462896,11615724,10,21,38,73,0,68,10,65,9,341.0,701.0
pose,s,2,320,320,fp32,1,1,2457600,3763200,46462896,11615724,10,21,38,73,0,68,10,65,9,339.0,708.0
pose,s,2,320,320,int8,1,1,614400,3763200,46462896,11615724,10,21,38,73,0,68,10,65,9,331.0,733.0
pose,s,2,480,480,fp16,1,1,2764800,3763200,46462896,11615724,10,21,38,73,0,68,10,65,9,388.0,816.0
pose,s,2,480,480,fp32,1,1,5529600,3763200,46462896,11615724,10,21,38,73,0,68,10,65,9,337.0,714.0
pose,s,2,480,480,int8,1,1,1382400,3763200,46462896,11615724,10,21,38,73,0,68,10,65,9,354.0,737.0
pose,s,2,640,640,fp16,1,1,4915200,3763200,46462896,11615724,10,21,38,73,0,68,10,65,9,400.0,806.0
pose,s,2,640,640,int8,1,1,2457600,3763200,46462896,11615724,10,21,38,73,0,68,10,65,9,364.0,735.0
pose,s,4,320,320,fp16,1,1,2457600,3763200,46462896,11615724,10,21,38,73,0,68,10,65,9,320.0,802.0
pose,s,4,320,320,fp32,1,1,4915200,3763200,46462896,11615724,10,21,38,73,0,68,10,65,9,308.0,708.0
pose,s,4,320,320,int8,1,1,1228800,3763200,46462896,11615724,10,21,38,73,0,68,10,65,9,307.0,721.0
pose,s,4,480,480,fp16,1,1,5529600,3763200,46462896,11615724,10,21,38,73,0,68,10,65,9,369.0,808.0
pose,s,4,480,480,fp32,1,1,11059200,3763200,46462896,11615724,10,21,38,73,0,68,10,65,9,366.0,781.0
pose,s,4,480,480,int8,1,1,2764800,3763200,46462896,11615724,10,21,38,73,0,68,10,65,9,349.0,801.0
pose,s,4,640,640,fp16,1,1,9830400,3763200,46462896,11615724,10,21,38,73,0,68,10,65,9,351.0,723.0
pose,s,4,640,640,int8,1,1,4915200,3763200,46462896,11615724,10,21,38,73,0,68,10,65,9,396.0,811.0
pose,s,8,320,320,fp16,1,1,4915200,3763200,46462896,11615724,10,21,38,73,0,68,10,65,9,317.0,781.0
pose,s,8,320,320,fp32,1,1,9830400,3763200,46462896,11615724,10,21,38,73,0,68,10,65,9,333.0,799.0
pose,s,8,320,320,int8,1,1,2457600,3763200,46462896,11615724,10,21,38,73,0,68,10,65,9,317.0,776.0
pose,s,8,480,480,fp16,1,1,11059200,3763200,46462896,11615724,10,21,38,73,0,68,10,65,9,328.0,736.0
pose,s,8,480,480,fp32,1,1,22118400,3763200,46462896,11615724,10,21,38,73,0,68,10,65,9,353.0,818.0
pose,s,8,480,480,int8,1,1,5529600,3763200,46462896,11615724,10,21,38,73,0,68,10,65,9,345.0,808.0
pose,s,8,640,640,fp16,1,1,19660800,3763200,46462896,11615724,10,21,38,73,0,68,10,65,9,360.0,816.0
pose,s,8,640,640,int8,1,1,9830400,3763200,46462896,11615724,10,21,38,73,0,68,10,65,9,346.0,809.0
seg,n,1,320,320,fp16,1,2,614400,14348800,13617280,3404320,9,20,25,76,0,69,8,67,9,465.0,1051.0
seg,n,1,320,320,fp32,1,2,1228800,14348800,13617280,3404320,9,20,25,76,0,69,8,67,9,398.0,763.0
seg,n,1,320,320,int8,1,2,307200,14348800,13617280,3404320,9,20,25,76,0,69,8,67,9,396.0,797.0
seg,n,1,480,480,fp16,1,2,1382400,14348800,13617280,3404320,9,20,25,76,0,69,8,67,9,482.0,1135.0
seg,n,1,480,480,fp32,1,2,2764800,14348800,13617280,3404320,9,20,25,76,0,69,8,67,9,444.0,986.0
seg,n,1,480,480,int8,1,2,691200,14348800,13617280,3404320,9,20,25,76,0,69,8,67,9,436.0,930.0
seg,n,1,640,640,fp16,1,2,2457600,14348800,13617280,3404320,9,20,25,76,0,69,8,67,9,613.0,1722.0
seg,n,1,640,640,int8,1,2,1228800,14348800,13617280,3404320,9,20,25,76,0,69,8,67,9,644.0,1843.0
seg,n,2,320,320,fp16,1,2,1228800,14348800,13617280,3404320,9,20,25,76,0,69,8,67,9,365.0,812.0
seg,n,2,320,320,fp32,1,2,2457600,14348800,13617280,3404320,9,20,25,76,0,69,8,67,9,352.0,783.0
seg,n,2,320,320,int8,1,2,614400,14348800,13617280,3404320,9,20,25,76,0,69,8,67,9,391.0,961.0
seg,n,2,480,480,fp16,1,2,2764800,14348800,13617280,3404320,9,20,25,76,0,69,8,67,9,413.0,962.0
seg,n,2,480,480,fp32,1,2,5529600,14348800,13617280,3404320,9,20,25,76,0,69,8,67,9,405.0,980.0
seg,n,2,480,480,int8,1,2,1382400,14348800,13617280,3404320,9,20,25,76,0,69,8,67,9,395.0,878.0
seg,n,2,640,640,fp16,1,2,4915200,14348800,13617280,3404320,9,20,25,76,0,69,8,67,9,621.0,1763.0
seg,n,2,640,640,fp32,1,2,9830400,14348800,13617280,3404320,9,20,25,76,0,69,8,67,9,541.0,1686.0
seg,n,2,640,640,int8,1,2,2457600,14348800,13617280,3404320,9,20,25,76,0,69,8,67,9,535.0,1668.0
seg,n,4,320,320,fp16,1,2,2457600,14348800,13617280,3404320,9,20,25,76,0,69,8,67,9,349.0,799.0
seg,n,4,320,320,fp32,1,2,4915200,14348800,13617280,3404320,9,20,25,76,0,69,8,67,9,348.0,793.0
seg,n,4,320,320,int8,1,2,1228800,14348800,13617280,3404320,9,20,25,76,0,69,8,67,9,334.0,785.0
seg,n,4,480,480,fp16,1,2,5529600,14348800,13617280,3404320,9,20,25,76,0,69,8,67,9,426.0,969.0
seg,n,4,480,480,fp32,1,2,11059200,14348800,13617280,3404320,9,20,25,76,0,69,8,67,9,463.0,1160.0
seg,n,4,480,480,int8,1,2,2764800,14348800,13617280,3404320,9,20,25,76,0,69,8,67,9,397.0,978.0
seg,n,4,640,640,fp16,1,2,9830400,14348800,13617280,3404320,9,20,25,76,0,69,8,67,9,530.0,1828.0
seg,n,4,640,640,fp32,1,2,19660800,14348800,13617280,3404320,9,20,25,76,0,69,8,67,9,511.0,1789.0
seg,n,4,640,640,int8,1,2,4915200,14348800,13617280,3404320,9,20,25,76,0,69,8,67,9,572.0,1895.0
seg,n,8,320,320,fp16,1,2,4915200,14348800,13617280,3404320,9,20,25,76,0,69,8,67,9,351.0,895.0
seg,n,8,320,320,fp32,1,2,9830400,14348800,13617280,3404320,9,20,25,76,0,69,8,67,9,386.0,902.0
seg,n,8,320,320,int8,1,2,2457600,14348800,13617280,3404320,9,20,25,76,0,69,8,67,9,399.0,904.0
seg,n,8,480,480,fp16,1,2,11059200,14348800,13617280,3404320,9,20,25,76,0,69,8,67,9,400.0,1116.0
seg,n,8,480,480,fp32,1,2,22118400,14348800,13617280,3404320,9,20,25,76,0,69,8,67,9,428.0,1281.0
seg,n,8,480,480,int8,1,2,5529600,14348800,13617280,3404320,9,20,25,76,0,69,8,67,9,415.0,1142.0
seg,n,8,640,640,fp16,1,2,19660800,14348800,13617280,3404320,9,20,25,76,0,69,8,67,9,618.0,1992.0
seg,n,8,640,640,fp32,1,2,39321600,14348800,13617280,3404320,9,20,25,76,0,69,8,67,9,609.0,1975.0
seg,n,8,640,640,int8,1,2,9830400,14348800,13617280,3404320,9,20,25,76,0,69,8,67,9,557.0,1853.0
seg,s,1,320,320,fp16,1,2,614400,14348800,47242240,11810560,9,20,25,76,0,69,8,67,9,423.0,959.0
seg,s,1,320,320,fp32,1,2,1228800,14348800,47242240,11810560,9,20,25,76,0,69,8,67,9,471.0,997.0
seg,s,1,320,320,int8,1,2,307200,14348800,47242240,11810560,9,20,25,76,0,69,8,67,9,425.0,921.0
seg,s,1,480,480,fp16,1,2,1382400,14348800,47242240,11810560,9,20,25,76,0,69,8,67,9,501.0,1244.0
seg,s,1,480,480,fp32,1,2,2764800,14348800,47242240,11810560,9,20,25,76,0,69,8,67,9,458.0,1077.0
seg,s,1,480,480,int8,1,2,691200,14348800,47242240,11810560,9,20,25,76,0,69,8,67,9,537.0,1189.0
seg,s,1,640,640,fp16,1,2,2457600,14348800,47242240,11810560,9,20,25,76,0,69,8,67,9,718.0,1983.0
seg,s,1,640,640,fp32,1,2,4915200,14348800,47242240,11810560,9,20,25,76,0,69,8,67,9,618.0,1794.0
seg,s,1,640,640,int8,1,2,1228800,14348800,47242240,11810560,9,20,25,76,0,69,8,67,9,752.0,2072.0
seg,s,2,320,320,fp16,1,2,1228800,14348800,47242240,11810560,9,20,25,76,0,69,8,67,9,416.0,968.0
seg,s,2,320,320,fp32,1,2,2457600,14348800,47242240,11810560,9,20,25,76,0,69,8,67,9,383.0,919.0
seg,s,2,320,320,int8,1,2,614400,14348800,47242240,11810560,9,20,25,76,0,69,8,67,9,382.0,921.0
seg,s,2,480,480,fp16,1,2,2764800,14348800,47242240,11810560,9,20,25,76,0,69,8,67,9,520.0,1371.0
seg,s,2,480,480,fp32,1,2,5529600,14348800,47242240,11810560,9,20,25,76,0,69,8,67,9,480.0,1121.0
seg,s,2,480,480,int8,1,2,1382400,14348800,47242240,11810560,9,20,25,76,0,69,8,67,9,496.0,1323.0
seg,s,2,640,640,fp16,1,2,4915200,14348800,47242240,11810560,9,20,25,76,0,69,8,67,9,673.0,2090.0
seg,s,2,640,640,fp32,1,2,9830400,14348800,47242240,11810560,9,20,25,76,0,69,8,67,9,564.0,1745.0
seg,s,2,640,640,int8,1,2,2457600,14348800,47242240,11810560,9,20,25,76,0,69,8,67,9,668.0,2019.0
seg,s,4,320,320,fp16,1,2,2457600,14348800,47242240,11810560,9,20,25,76,0,69,8,67,9,420.0,1084.0
seg,s,4,320,320,fp32,1,2,4915200,14348800,47242240,11810560,9,20,25,76,0,69,8,67,9,402.0,1049.0
seg,s,4,320,320,int8,1,2,1228800,14348800,47242240,11810560,9,20,25,76,0,69,8,67,9,405.0,1008.0
seg,s,4,480,480,fp16,1,2,5529600,14348800,47242240,11810560,9,20,25,76,0,69,8,67,9,465.0,1176.0
seg,s,4,480,480,fp32,1,2,11059200,14348800,47242240,11810560,9,20,25,76,0,69,8,67,9,435.0,1270.0
seg,s,4,480,480,int8,1,2,2764800,14348800,47242240,11810560,9,20,25,76,0,69,8,67,9,438.0,1250.0
seg,s,4,640,640,fp16,1,2,9830400,14348800,47242240,11810560,9,20,25,76,0,69,8,67,9,656.0,2105.0
seg,s,4,640,640,fp32,1,2,19660800,14348800,47242240,11810560,9,20,25,76,0,69,8,67,9,590.0,1996.0
seg,s,4,640,640,int8,1,2,4915200,14348800,47242240,11810560,9,20,25,76,0,69,8,67,9,593.0,1997.0
seg,s,8,320,320,fp16,1,2,4915200,14348800,47242240,11810560,9,20,25,76,0,69,8,67,9,408.0,965.0
seg,s,8,320,320,fp32,1,2,9830400,14348800,47242240,11810560,9,20,25,76,0,69,8,67,9,383.0,955.0
seg,s,8,320,320,int8,1,2,2457600,14348800,47242240,11810560,9,20,25,76,0,69,8,67,9,380.0,951.0
seg,s,8,480,480,fp16,1,2,11059200,14348800,47242240,11810560,9,20,25,76,0,69,8,67,9,447.0,1325.0
seg,s,8,480,480,fp32,1,2,22118400,14348800,47242240,11810560,9,20,25,76,0,69,8,67,9,443.0,1331.0
seg,s,8,480,480,int8,1,2,5529600,14348800,47242240,11810560,9,20,25,76,0,69,8,67,9,440.0,1199.0
seg,s,8,640,640,fp16,1,2,19660800,14348800,47242240,11810560,9,20,25,76,0,69,8,67,9,594.0,2069.0
seg,s,8,640,640,fp32,1,2,39321600,14348800,47242240,11810560,9,20,25,76,0,69,8,67,9,587.0,1998.0
seg,s,8,640,640,int8,1,2,9830400,14348800,47242240,11810560,9,20,25,76,0,69,8,67,9,624.0,2093.0
cls,n,1,320,320,fp16,1,1,614400,32000,10863520,2715880,6,4,4,26,1,26,0,26,4,237.0,647.0
cls,n,1,320,320,fp32,1,1,1228800,32000,10863520,2715880,6,4,4,26,1,26,0,26,4,291.0,536.0
cls,n,1,320,320,int8,1,1,307200,32000,10863520,2715880,6,4,4,26,1,26,0,26,4,297.0,541.0
cls,n,1,480,480,fp16,1,1,1382400,32000,10863520,2715880,6,4,4,26,1,26,0,26,4,335.0,745.0
cls,n,1,480,480,fp32,1,1,2764800,32000,10863520,2715880,6,4,4,26,1,26,0,26,4,314.0,754.0
cls,n,1,480,480,int8,1,1,691200,32000,10863520,2715880,6,4,4,26,1,26,0,26,4,317.0,658.0
cls,n,1,640,640,fp16,1,1,2457600,32000,10863520,2715880,6,4,4,26,1,26,0,26,4,384.0,950.0
cls,n,1,640,640,fp32,1,1,4915200,32000,10863520,2715880,6,4,4,26,1,26,0,26,4,414.0,950.0
cls,n,1,640,640,int8,1,1,1228800,32000,10863520,2715880,6,4,4,26,1,26,0,26,4,395.0,952.0
cls,n,2,320,320,fp16,1,1,1228800,32000,10863520,2715880,6,4,4,26,1,26,0,26,4,285.0,535.0
cls,n,2,320,320,fp32,1,1,2457600,32000,10863520,2715880,6,4,4,26,1,26,0,26,4,271.0,512.0
cls,n,2,320,320,int8,1,1,614400,32000,10863520,2715880,6,4,4,26,1,26,0,26,4,270.0,521.0
cls,n,2,480,480,fp16,1,1,2764800,32000,10863520,2715880,6,4,4,26,1,26,0,26,4,323.0,737.0
cls,n,2,480,480,fp32,1,1,5529600,32000,10863520,2715880,6,4,4,26,1,26,0,26,4,322.0,740.0
cls,n,2,480,480,int8,1,1,1382400,32000,10863520,2715880,6,4,4,26,1,26,0,26,4,318.0,720.0
cls,n,2,640,640,fp16,1,1,4915200,32000,10863520,2715880,6,4,4,26,1,26,0,26,4,398.0,930.0
cls,n,2,640,640,fp32,1,1,9830400,32000,10863520,2715880,6,4,4,26,1,26,0,26,4,371.0,984.0
cls,n,2,640,640,int8,1,1,2457600,32000,10863520,2715880,6,4,4,26,1,26,0,26,4,416.0,968.0
cls,n,4,320,320,fp16,1,1,2457600,32000,10863520,2715880,6,4,4,26,1,26,0,26,4,281.0,542.0
cls,n,4,320,320,fp32,1,1,4915200,32000,10863520,2715880,6,4,4,26,1,26,0,26,4,273.0,532.0
cls,n,4,320,320,int8,1,1,1228800,32000,10863520,2715880,6,4,4,26,1,26,0,26,4,280.0,545.0
cls,n,4,480,480,fp16,1,1,5529600,32000,10863520,2715880,6,4,4,26,1,26,0,26,4,321.0,737.0
cls,n,4,480,480,fp32,1,1,11059200,32000,10863520,2715880,6,4,4,26,1,26,0,26,4,351.0,829.0
cls,n,4,480,480,int8,1,1,2764800,32000,10863520,2715880,6,4,4,26,1,26,0,26,4,299.0,726.0
cls,n,4,640,640,fp16,1,1,9830400,32000,10863520,2715880,6,4,4,26,1,26,0,26,4,396.0,939.0
cls,n,4,640,640,fp32,1,1,19660800,32000,10863520,2715880,6,4,4,26,1,26,0,26,4,344.0,949.0
cls,n,4,640,640,int8,1,1,4915200,32000,10863520,2715880,6,4,4,26,1,26,0,26,4,349.0,964.0
cls,n,8,320,320,fp16,1,1,4915200,32000,10863520,2715880,6,4,4,26,1,26,0,26,4,294.0,561.0
cls,n,8,320,320,fp32,1,1,9830400,32000,10863520,2715880,6,4,4,26,1,26,0,26,4,281.0,570.0
cls,n,8,320,320,int8,1,1,2457600,32000,10863520,2715880,6,4,4,26,1,26,0,26,4,287.0,565.0
cls,n,8,480,480,fp16,1,1,11059200,32000,10863520,2715880,6,4,4,26,1,26,0,26,4,304.0,707.0
cls,n,8,480,480,fp32,1,1,22118400,32000,10863520,2715880,6,4,4,26,1,26,0,26,4,301.0,714.0
cls,n,8,480,480,int8,1,1,5529600,32000,10863520,2715880,6,4,4,26,1,26,0,26,4,320.0,776.0
cls,n,8,640,640,fp16,1,1,19660800,32000,10863520,2715880,6,4,4,26,1,26,0,26,4,358.0,820.0
cls,n,8,640,640,fp32,1,1,39321600,32000,10863520,2715880,6,4,4,26,1,26,0,26,4,309.0,550.0
cls,n,8,640,640,int8,1,1,9830400,32000,10863520,2715880,6,4,4,26,1,26,0,26,4,368.0,768.0
cls,s,1,320,320,fp16,1,1,614400,32000,25424800,6356200,6,4,4,26,1,26,0,26,4,294.0,519.0
cls,s,1,320,320,fp32,1,1,1228800,32000,25424800,6356200,6,4,4,26,1,26,0,26,4,296.0,543.0
cls,s,1,320,320,int8,1,1,307200,32000,25424800,6356200,6,4,4,26,1,26,0,26,4,315.0,525.0
cls,s,1,480,480,fp16,1,1,1382400,32000,25424800,6356200,6,4,4,26,1,26,0,26,4,295.0,661.0
cls,s,1,480,480,fp32,1,1,2764800,32000,25424800,6356200,6,4,4,26,1,26,0,26,4,334.0,551.0
cls,s,1,480,480,int8,1,1,691200,32000,25424800,6356200,6,4,4,26,1,26,0,26,4,344.0,736.0
cls,s,1,640,640,fp16,1,1,2457600,32000,25424800,6356200,6,4,4,26,1,26,0,26,4,373.0,809.0
cls,s,1,640,640,fp32,1,1,4915200,32000,25424800,6356200,6,4,4,26,1,26,0,26,4,369.0,819.0
cls,s,1,640,640,int8,1,1,1228800,32000,25424800,6356200,6,4,4,26,1,26,0,26,4,391.0,872.0
cls,s,2,320,320,fp16,1,1,1228800,32000,25424800,6356200,6,4,4,26,1,26,0,26,4,294.0,528.0
cls,s,2,320,320,fp32,1,1,2457600,32000,25424800,6356200,6,4,4,26,1,26,0,26,4,290.0,532.0
cls,s,2,320,320,int8,1,1,614400,32000,25424800,6356200,6,4,4,26,1,26,0,26,4,284.0,523.0
cls,s,2,480,480,fp16,1,1,2764800,32000,25424800,6356200,6,4,4,26,1,26,0,26,4,367.0,739.0
cls,s,2,480,480,fp32,1,1,5529600,32000,25424800,6356200,6,4,4,26,1,26,0,26,4,365.0,732.0
cls,s,2,480,480,int8,1,1,1382400,32000,25424800,6356200,6,4,4,26,1,26,0,26,4,365.0,736.0
cls,s,2,640,640,fp16,1,1,4915200,32000,25424800,6356200,6,4,4,26,1,26,0,26,4,421.0,980.0
cls,s,2,640,640,fp32,1,1,9830400,32000,25424800,6356200,6,4,4,26,1,26,0,26,4,414.0,964.0
cls,s,2,640,640,int8,1,1,2457600,32000,25424800,6356200,6,4,4,26,1,26,0,26,4,382.0,967.0
cls,s,4,320,320,fp16,1,1,2457600,32000,25424800,6356200,6,4,4,26,1,26,0,26,4,319.0,620.0
cls,s,4,320,320,fp32,1,1,4915200,32000,25424800,6356200,6,4,4,26,1,26,0,26,4,302.0,533.0
cls,s,4,320,320,int8,1,1,1228800,32000,25424800,6356200,6,4,4,26,1,26,0,26,4,283.0,545.0
cls,s,4,480,480,fp16,1,1,5529600,32000,25424800,6356200,6,4,4,26,1,26,0,26,4,344.0,708.0
cls,s,4,480,480,fp32,1,1,11059200,32000,25424800,6356200,6,4,4,26,1,26,0,26,4,334.0,745.0
cls,s,4,480,480,int8,1,1,2764800,32000,25424800,6356200,6,4,4,26,1,26,0,26,4,335.0,698.0
cls,s,4,640,640,fp16,1,1,9830400,32000,25424800,6356200,6,4,4,26,1,26,0,26,4,341.0,955.0
cls,s,4,640,640,fp32,1,1,19660800,32000,25424800,6356200,6,4,4,26,1,26,0,26,4,364.0,955.0
cls,s,4,640,640,int8,1,1,4915200,32000,25424800,6356200,6,4,4,26,1,26,0,26,4,361.0,958.0
cls,s,8,320,320,fp16,1,1,4915200,32000,25424800,6356200,6,4,4,26,1,26,0,26,4,285.0,557.0
cls,s,8,320,320,fp32,1,1,9830400,32000,25424800,6356200,6,4,4,26,1,26,0,26,4,313.0,552.0
cls,s,8,320,320,int8,1,1,2457600,32000,25424800,6356200,6,4,4,26,1,26,0,26,4,316.0,565.0
cls,s,8,480,480,fp16,1,1,11059200,32000,25424800,6356200,6,4,4,26,1,26,0,26,4,302.0,679.0
cls,s,8,480,480,fp32,1,1,22118400,32000,25424800,6356200,6,4,4,26,1,26,0,26,4,306.0,681.0
cls,s,8,480,480,int8,1,1,5529600,32000,25424800,6356200,6,4,4,26,1,26,0,26,4,318.0,778.0
cls,s,8,640,640,fp16,1,1,19660800,32000,25424800,6356200,6,4,4,26,1,26,0,26,4,302.0,592.0
cls,s,8,640,640,fp32,1,1,39321600,32000,25424800,6356200,6,4,4,26,1,26,0,26,4,314.0,603.0
cls,s,8,640,640,int8,1,1,9830400,32000,25424800,6356200,6,4,4,26,1,26,0,26,4,359.0,738.0
det,n,1,320,320,fp16,1,1,614400,5644800,12607616,3151904,9,19,22,64,0,60,5,58,9,403.0,704.0
det,n,1,320,320,fp32,1,1,1228800,5644800,12607616,3151904,9,19,22,64,0,60,5,58,9,363.0,702.0
det,n,1,320,320,int8,1,1,307200,5644800,12607616,3151904,9,19,22,64,0,60,5,58,9,344.0,704.0
det,n,1,480,480,fp16,1,1,1382400,5644800,12607616,3151904,9,19,22,64,0,60,5,58,9,368.0,708.0
det,n,1,480,480,fp32,1,1,2764800,5644800,12607616,3151904,9,19,22,64,0,60,5,58,9,347.0,704.0
det,n,1,480,480,int8,1,1,691200,5644800,12607616,3151904,9,19,22,64,0,60,5,58,9,353.0,706.0
det,n,1,640,640,fp16,1,1,2457600,5644800,12607616,3151904,9,19,22,64,0,60,5,58,9,386.0,723.0
det,n,1,640,640,fp32,1,1,4915200,5644800,12607616,3151904,9,19,22,64,0,60,5,58,9,390.0,704.0
det,n,1,640,640,int8,1,1,1228800,5644800,12607616,3151904,9,19,22,64,0,60,5,58,9,392.0,717.0
det,n,2,320,320,fp16,1,1,1228800,5644800,12607616,3151904,9,19,22,64,0,60,5,58,9,333.0,689.0
det,n,2,320,320,fp32,1,1,2457600,5644800,12607616,3151904,9,19,22,64,0,60,5,58,9,325.0,714.0
det,n,2,320,320,int8,1,1,614400,5644800,12607616,3151904,9,19,22,64,0,60,5,58,9,330.0,696.0
det,n,2,480,480,fp16,1,1,2764800,5644800,12607616,3151904,9,19,22,64,0,60,5,58,9,362.0,717.0
det,n,2,480,480,fp32,1,1,5529600,5644800,12607616,3151904,9,19,22,64,0,60,5,58,9,376.0,724.0
det,n,2,480,480,int8,1,1,1382400,5644800,12607616,3151904,9,19,22,64,0,60,5,58,9,376.0,713.0
det,n,2,640,640,fp16,1,1,4915200,5644800,12607616,3151904,9,19,22,64,0,60,5,58,9,377.0,783.0
det,n,2,640,640,fp32,1,1,9830400,5644800,12607616,3151904,9,19,22,64,0,60,5,58,9,386.0,810.0
det,n,2,640,640,int8,1,1,2457600,5644800,12607616,3151904,9,19,22,64,0,60,5,58,9,362.0,719.0
det,n,4,320,320,fp16,1,1,2457600,5644800,12607616,3151904,9,19,22,64,0,60,5,58,9,351.0,711.0
det,n,4,320,320,fp32,1,1,4915200,5644800,12607616,3151904,9,19,22,64,0,60,5,58,9,350.0,716.0
det,n,4,320,320,int8,1,1,1228800,5644800,12607616,3151904,9,19,22,64,0,60,5,58,9,333.0,719.0
det,n,4,480,480,fp16,1,1,5529600,5644800,12607616,3151904,9,19,22,64,0,60,5,58,9,361.0,709.0
det,n,4,480,480,fp32,1,1,11059200,5644800,12607616,3151904,9,19,22,64,0,60,5,58,9,367.0,813.0
det,n,4,480,480,int8,1,1,2764800,5644800,12607616,3151904,9,19,22,64,0,60,5,58,9,345.0,701.0
det,n,4,640,640,fp16,1,1,9830400,5644800,12607616,3151904,9,19,22,64,0,60,5,58,9,354.0,803.0
det,n,4,640,640,fp32,1,1,19660800,5644800,12607616,3151904,9,19,22,64,0,60,5,58,9,402.0,832.0
det,n,4,640,640,int8,1,1,4915200,5644800,12607616,3151904,9,19,22,64,0,60,5,58,9,373.0,811.0
det,n,8,320,320,fp16,1,1,4915200,5644800,12607616,3151904,9,19,22,64,0,60,5,58,9,337.0,719.0
det,n,8,320,320,fp32,1,1,9830400,5644800,12607616,3151904,9,19,22,64,0,60,5,58,9,316.0,685.0
det,n,8,320,320,int8,1,1,2457600,5644800,12607616,3151904,9,19,22,64,0,60,5,58,9,320.0,707.0
det,n,8,480,480,fp16,1,1,11059200,5644800,12607616,3151904,9,19,22,64,0,60,5,58,9,339.0,755.0
det,n,8,480,480,fp32,1,1,22118400,5644800,12607616,3151904,9,19,22,64,0,60,5,58,9,326.0,737.0
det,n,8,480,480,int8,1,1,5529600,5644800,12607616,3151904,9,19,22,64,0,60,5,58,9,358.0,817.0
det,n,8,640,640,fp16,1,1,19660800,5644800,12607616,3151904,9,19,22,64,0,60,5,58,9,381.0,826.0
det,n,8,640,640,fp32,1,1,39321600,5644800,12607616,3151904,9,19,22,64,0,60,5,58,9,355.0,811.0
det,n,8,640,640,int8,1,1,9830400,5644800,12607616,3151904,9,19,22,64,0,60,5,58,9,336.0,735.0
det,s,1,320,320,fp16,1,1,614400,5644800,44626176,11156544,9,19,22,64,0,60,5,58,9,387.0,712.0
det,s,1,320,320,fp32,1,1,1228800,5644800,44626176,11156544,9,19,22,64,0,60,5,58,9,349.0,703.0
det,s,1,320,320,int8,1,1,307200,5644800,44626176,11156544,9,19,22,64,0,60,5,58,9,381.0,714.0
det,s,1,480,480,fp16,1,1,1382400,5644800,44626176,11156544,9,19,22,64,0,60,5,58,9,368.0,718.0
det,s,1,480,480,fp32,1,1,2764800,5644800,44626176,11156544,9,19,22,64,0,60,5,58,9,376.0,711.0
det,s,1,480,480,int8,1,1,691200,5644800,44626176,11156544,9,19,22,64,0,60,5,58,9,424.0,734.0
det,s,1,640,640,fp16,1,1,2457600,5644800,44626176,11156544,9,19,22,64,0,60,5,58,9,402.0,729.0
det,s,1,640,640,fp32,1,1,4915200,5644800,44626176,11156544,9,19,22,64,0,60,5,58,9,413.0,716.0
det,s,1,640,640,int8,1,1,1228800,5644800,44626176,11156544,9,19,22,64,0,60,5,58,9,407.0,710.0
det,s,2,320,320,fp16,1,1,1228800,5644800,44626176,11156544,9,19,22,64,0,60,5,58,9,375.0,726.0
det,s,2,320,320,fp32,1,1,2457600,5644800,44626176,11156544,9,19,22,64,0,60,5,58,9,334.0,703.0
det,s,2,320,320,int8,1,1,614400,5644800,44626176,11156544,9,19,22,64,0,60,5,58,9,329.0,700.0
det,s,2,480,480,fp16,1,1,2764800,5644800,44626176,11156544,9,19,22,64,0,60,5,58,9,376.0,739.0
det,s,2,480,480,fp32,1,1,5529600,5644800,44626176,11156544,9,19,22,64,0,60,5,58,9,360.0,723.0
det,s,2,480,480,int8,1,1,1382400,5644800,44626176,11156544,9,19,22,64,0,60,5,58,9,354.0,706.0
det,s,2,640,640,fp16,1,1,4915200,5644800,44626176,11156544,9,19,22,64,0,60,5,58,9,400.0,808.0
det,s,2,640,640,fp32,1,1,9830400,5644800,44626176,11156544,9,19,22,64,0,60,5,58,9,423.0,814.0
det,s,2,640,640,int8,1,1,2457600,5644800,44626176,11156544,9,19,22,64,0,60,5,58,9,395.0,794.0
det,s,4,320,320,fp16,1,1,2457600,5644800,44626176,11156544,9,19,22,64,0,60,5,58,9,325.0,708.0
det,s,4,320,320,fp32,1,1,4915200,5644800,44626176,11156544,9,19,22,64,0,60,5,58,9,360.0,801.0
det,s,4,320,320,int8,1,1,1228800,5644800,44626176,11156544,9,19,22,64,0,60,5,58,9,329.0,709.0
det,s,4,480,480,fp16,1,1,5529600,5644800,44626176,11156544,9,19,22,64,0,60,5,58,9,383.0,739.0
det,s,4,480,480,fp32,1,1,11059200,5644800,44626176,11156544,9,19,22,64,0,60,5,58,9,369.0,793.0
det,s,4,480,480,int8,1,1,2764800,5644800,44626176,11156544,9,19,22,64,0,60,5,58,9,389.0,815.0
det,s,4,640,640,fp16,1,1,9830400,5644800,44626176,11156544,9,19,22,64,0,60,5,58,9,363.0,800.0
det,s,4,640,640,fp32,1,1,19660800,5644800,44626176,11156544,9,19,22,64,0,60,5,58,9,383.0,816.0
det,s,4,640,640,int8,1,1,4915200,5644800,44626176,11156544,9,19,22,64,0,60,5,58,9,362.0,801.0
det,s,8,320,320,fp16,1,1,4915200,5644800,44626176,11156544,9,19,22,64,0,60,5,58,9,366.0,814.0
det,s,8,320,320,fp32,1,1,9830400,5644800,44626176,11156544,9,19,22,64,0,60,5,58,9,354.0,711.0
det,s,8,320,320,int8,1,1,2457600,5644800,44626176,11156544,9,19,22,64,0,60,5,58,9,374.0,805.0
det,s,8,480,480,fp16,1,1,11059200,5644800,44626176,11156544,9,19,22,64,0,60,5,58,9,342.0,725.0
det,s,8,480,480,fp32,1,1,22118400,5644800,44626176,11156544,9,19,22,64,0,60,5,58,9,332.0,723.0
det,s,8,480,480,int8,1,1,5529600,5644800,44626176,11156544,9,19,22,64,0,60,5,58,9,342.0,744.0
det,s,8,640,640,fp16,1,1,19660800,5644800,44626176,11156544,9,19,22,64,0,60,5,58,9,390.0,802.0
det,s,8,640,640,fp32,1,1,39321600,5644800,44626176,11156544,9,19,22,64,0,60,5,58,9,344.0,724.0
det,s,8,640,640,int8,1,1,9830400,5644800,44626176,11156544,9,19,22,64,0,60,5,58,9,358.0,720.0
obb,n,1,320,320,fp16,1,1,614400,1344000,12320576,3080144,9,21,22,73,0,69,8,65,11,1295.0,2207.0
obb,n,1,320,320,fp32,1,1,1228800,1344000,12320576,3080144,9,21,22,73,0,69,8,65,11,1062.0,2105.0
obb,n,1,320,320,int8,1,1,307200,1344000,12320576,3080144,9,21,22,73,0,69,8,65,11,1080.0,2140.0
obb,n,1,480,480,fp16,1,1,1382400,1344000,12320576,3080144,9,21,22,73,0,69,8,65,11,1104.0,2119.0
obb,n,1,480,480,fp32,1,1,2764800,1344000,12320576,3080144,9,21,22,73,0,69,8,65,11,1077.0,1890.0
obb,n,1,480,480,int8,1,1,691200,1344000,12320576,3080144,9,21,22,73,0,69,8,65,11,1123.0,1975.0
obb,n,1,640,640,fp16,1,1,2457600,1344000,12320576,3080144,9,21,22,73,0,69,8,65,11,1061.0,1898.0
obb,n,1,640,640,fp32,1,1,4915200,1344000,12320576,3080144,9,21,22,73,0,69,8,65,11,1026.0,1825.0
obb,n,1,640,640,int8,1,1,1228800,1344000,12320576,3080144,9,21,22,73,0,69,8,65,11,1085.0,1904.0
obb,n,2,320,320,fp16,1,1,1228800,1344000,12320576,3080144,9,21,22,73,0,69,8,65,11,1107.0,2144.0
obb,n,2,320,320,fp32,1,1,2457600,1344000,12320576,3080144,9,21,22,73,0,69,8,65,11,1050.0,2134.0
obb,n,2,320,320,int8,1,1,614400,1344000,12320576,3080144,9,21,22,73,0,69,8,65,11,1032.0,2073.0
obb,n,2,480,480,fp16,1,1,2764800,1344000,12320576,3080144,9,21,22,73,0,69,8,65,11,1085.0,1900.0
obb,n,2,480,480,fp32,1,1,5529600,1344000,12320576,3080144,9,21,22,73,0,69,8,65,11,1068.0,1927.0
obb,n,2,480,480,int8,1,1,1382400,1344000,12320576,3080144,9,21,22,73,0,69,8,65,11,1105.0,2016.0
obb,n,2,640,640,fp16,1,1,4915200,1344000,12320576,3080144,9,21,22,73,0,69,8,65,11,1077.0,1922.0
obb,n,2,640,640,fp32,1,1,9830400,1344000,12320576,3080144,9,21,22,73,0,69,8,65,11,1076.0,1922.0
obb,n,2,640,640,int8,1,1,2457600,1344000,12320576,3080144,9,21,22,73,0,69,8,65,11,1101.0,1987.0
obb,n,4,320,320,fp16,1,1,2457600,1344000,12320576,3080144,9,21,22,73,0,69,8,65,11,1109.0,2084.0
obb,n,4,320,320,fp32,1,1,4915200,1344000,12320576,3080144,9,21,22,73,0,69,8,65,11,1083.0,2116.0
obb,n,4,320,320,int8,1,1,1228800,1344000,12320576,3080144,9,21,22,73,0,69,8,65,11,1089.0,2188.0
obb,n,4,480,480,fp16,1,1,5529600,1344000,12320576,3080144,9,21,22,73,0,69,8,65,11,1108.0,2027.0
obb,n,4,480,480,fp32,1,1,11059200,1344000,12320576,3080144,9,21,22,73,0,69,8,65,11,1088.0,1962.0
obb,n,4,480,480,int8,1,1,2764800,1344000,12320576,3080144,9,21,22,73,0,69,8,65,11,1101.0,2047.0
obb,n,4,640,640,fp16,1,1,9830400,1344000,12320576,3080144,9,21,22,73,0,69,8,65,11,1012.0,1937.0
obb,n,4,640,640,fp32,1,1,19660800,1344000,12320576,3080144,9,21,22,73,0,69,8,65,11,1029.0,1965.0
obb,n,4,640,640,int8,1,1,4915200,1344000,12320576,3080144,9,21,22,73,0,69,8,65,11,1083.0,1999.0
obb,n,8,320,320,fp16,1,1,4915200,1344000,12320576,3080144,9,21,22,73,0,69,8,65,11,1097.0,2214.0
obb,n,8,320,320,fp32,1,1,9830400,1344000,12320576,3080144,9,21,22,73,0,69,8,65,11,1079.0,2120.0
obb,n,8,320,320,int8,1,1,2457600,1344000,12320576,3080144,9,21,22,73,0,69,8,65,11,1053.0,2109.0
obb,n,8,480,480,fp16,1,1,11059200,1344000,12320576,3080144,9,21,22,73,0,69,8,65,11,1081.0,2071.0
obb,n,8,480,480,fp32,1,1,22118400,1344000,12320576,3080144,9,21,22,73,0,69,8,65,11,1020.0,1907.0
obb,n,8,480,480,int8,1,1,5529600,1344000,12320576,3080144,9,21,22,73,0,69,8,65,11,1105.0,2050.0
obb,n,8,640,640,fp16,1,1,19660800,1344000,12320576,3080144,9,21,22,73,0,69,8,65,11,1093.0,2072.0
obb,n,8,640,640,fp32,1,1,39321600,1344000,12320576,3080144,9,21,22,73,0,69,8,65,11,1084.0,2065.0
obb,n,8,640,640,int8,1,1,9830400,1344000,12320576,3080144,9,21,22,73,0,69,8,65,11,1172.0,2073.0
obb,s,1,320,320,fp16,1,1,614400,1344000,45669504,11417376,9,21,22,73,0,69,8,65,11,1092.0,2135.0
obb,s,1,320,320,fp32,1,1,1228800,1344000,45669504,11417376,9,21,22,73,0,69,8,65,11,1091.0,2134.0
obb,s,1,320,320,int8,1,1,307200,1344000,45669504,11417376,9,21,22,73,0,69,8,65,11,1075.0,2137.0
obb,s,1,480,480,fp16,1,1,1382400,1344000,45669504,11417376,9,21,22,73,0,69,8,65,11,1075.0,1994.0
obb,s,1,480,480,fp32,1,1,2764800,1344000,45669504,11417376,9,21,22,73,0,69,8,65,11,1135.0,2119.0
obb,s,1,480,480,int8,1,1,691200,1344000,45669504,11417376,9,21,22,73,0,69,8,65,11,1194.0,2087.0
obb,s,1,640,640,fp16,1,1,2457600,1344000,45669504,11417376,9,21,22,73,0,69,8,65,11,1129.0,1986.0
obb,s,1,640,640,int8,1,1,1228800,1344000,45669504,11417376,9,21,22,73,0,69,8,65,11,1110.0,1997.0
obb,s,2,320,320,fp16,1,1,1228800,1344000,45669504,11417376,9,21,22,73,0,69,8,65,11,1069.0,2172.0
obb,s,2,320,320,fp32,1,1,2457600,1344000,45669504,11417376,9,21,22,73,0,69,8,65,11,1044.0,2109.0
obb,s,2,320,320,int8,1,1,614400,1344000,45669504,11417376,9,21,22,73,0,69,8,65,11,1084.0,2153.0
obb,s,2,480,480,fp16,1,1,2764800,1344000,45669504,11417376,9,21,22,73,0,69,8,65,11,1172.0,2020.0
obb,s,2,480,480,fp32,1,1,5529600,1344000,45669504,11417376,9,21,22,73,0,69,8,65,11,1111.0,2126.0
obb,s,2,480,480,int8,1,1,1382400,1344000,45669504,11417376,9,21,22,73,0,69,8,65,11,1190.0,2132.0
obb,s,2,640,640,fp16,1,1,4915200,1344000,45669504,11417376,9,21,22,73,0,69,8,65,11,1172.0,2055.0
obb,s,2,640,640,int8,1,1,2457600,1344000,45669504,11417376,9,21,22,73,0,69,8,65,11,1088.0,2047.0
obb,s,4,320,320,fp16,1,1,2457600,1344000,45669504,11417376,9,21,22,73,0,69,8,65,11,1135.0,2191.0
obb,s,4,320,320,fp32,1,1,4915200,1344000,45669504,11417376,9,21,22,73,0,69,8,65,11,1117.0,2154.0
obb,s,4,320,320,int8,1,1,1228800,1344000,45669504,11417376,9,21,22,73,0,69,8,65,11,1132.0,2197.0
obb,s,4,480,480,fp16,1,1,5529600,1344000,45669504,11417376,9,21,22,73,0,69,8,65,11,1124.0,2096.0
obb,s,4,480,480,fp32,1,1,11059200,1344000,45669504,11417376,9,21,22,73,0,69,8,65,11,1138.0,2175.0
obb,s,4,480,480,int8,1,1,2764800,1344000,45669504,11417376,9,21,22,73,0,69,8,65,11,1084.0,2074.0
obb,s,4,640,640,fp16,1,1,9830400,1344000,45669504,11417376,9,21,22,73,0,69,8,65,11,1143.0,2177.0
obb,s,4,640,640,int8,1,1,4915200,1344000,45669504,11417376,9,21,22,73,0,69,8,65,11,1094.0,2074.0
obb,s,8,320,320,fp16,1,1,4915200,1344000,45669504,11417376,9,21,22,73,0,69,8,65,11,1047.0,2184.0
obb,s,8,320,320,fp32,1,1,9830400,1344000,45669504,11417376,9,21,22,73,0,69,8,65,11,1098.0,2146.0
obb,s,8,320,320,int8,1,1,2457600,1344000,45669504,11417376,9,21,22,73,0,69,8,65,11,1074.0,2143.0
obb,s,8,480,480,fp16,1,1,11059200,1344000,45669504,11417376,9,21,22,73,0,69,8,65,11,1115.0,2084.0
obb,s,8,480,480,fp32,1,1,22118400,1344000,45669504,11417376,9,21,22,73,0,69,8,65,11,1053.0,2080.0
obb,s,8,480,480,int8,1,1,5529600,1344000,45669504,11417376,9,21,22,73,0,69,8,65,11,1094.0,2152.0
obb,s,8,640,640,fp16,1,1,19660800,1344000,45669504,11417376,9,21,22,73,0,69,8,65,11,1093.0,2096.0
obb,s,8,640,640,int8,1,1,9830400,1344000,45669504,11417376,9,21,22,73,0,69,8,65,11,1115.0,2142.0
pose,n,1,320,320,fp16,1,1,614400,3763200,13159856,3289964,10,21,38,73,0,68,10,65,9,347.0,698.0
pose,n,1,320,320,fp32,1,1,1228800,3763200,13159856,3289964,10,21,38,73,0,68,10,65,9,338.0,708.0
pose,n,1,320,320,int8,1,1,307200,3763200,13159856,3289964,10,21,38,73,0,68,10,65,9,354.0,708.0
pose,n,1,480,480,fp16,1,1,1382400,3763200,13159856,3289964,10,21,38,73,0,68,10,65,9,351.0,724.0
pose,n,1,480,480,fp32,1,1,2764800,3763200,13159856,3289964,10,21,38,73,0,68,10,65,9,343.0,702.0
pose,n,1,480,480,int8,1,1,691200,3763200,13159856,3289964,10,21,38,73,0,68,10,65,9,368.0,706.0
pose,n,1,640,640,fp16,1,1,2457600,3763200,13159856,3289964,10,21,38,73,0,68,10,65,9,382.0,713.0
pose,n,1,640,640,fp32,1,1,4915200,3763200,13159856,3289964,10,21,38,73,0,68,10,65,9,410.0,721.0
pose,n,1,640,640,int8,1,1,1228800,3763200,13159856,3289964,10,21,38,73,0,68,10,65,9,376.0,728.0
pose,n,2,320,320,fp16,1,1,1228800,3763200,13159856,3289964,10,21,38,73,0,68,10,65,9,319.0,688.0
pose,n,2,320,320,fp32,1,1,2457600,3763200,13159856,3289964,10,21,38,73,0,68,10,65,9,307.0,722.0
pose,n,2,320,320,int8,1,1,614400,3763200,13159856,3289964,10,21,38,73,0,68,10,65,9,302.0,696.0
pose,n,2,480,480,fp16,1,1,2764800,3763200,13159856,3289964,10,21,38,73,0,68,10,65,9,339.0,719.0
pose,n,2,480,480,fp32,1,1,5529600,3763200,13159856,3289964,10,21,38,73,0,68,10,65,9,348.0,723.0
pose,n,2,480,480,int8,1,1,1382400,3763200,13159856,3289964,10,21,38,73,0,68,10,65,9,366.0,719.0
pose,n,2,640,640,fp16,1,1,4915200,3763200,13159856,3289964,10,21,38,73,0,68,10,65,9,375.0,808.0
pose,n,2,640,640,fp32,1,1,9830400,3763200,13159856,3289964,10,21,38,73,0,68,10,65,9,394.0,803.0
pose,n,2,640,640,int8,1,1,2457600,3763200,13159856,3289964,10,21,38,73,0,68,10,65,9,380.0,728.0
pose,n,4,320,320,fp16,1,1,2457600,3763200,13159856,3289964,10,21,38,73,0,68,10,65,9,267.0,695.0
pose,n,4,320,320,fp32,1,1,4915200,3763200,13159856,3289964,10,21,38,73,0,68,10,65,9,286.0,707.0
pose,n,4,320,320,int8,1,1,1228800,3763200,13159856,3289964,10,21,38,73,0,68,10,65,9,331.0,685.0
pose,n,4,480,480,fp16,1,1,5529600,3763200,13159856,3289964,10,21,38,73,0,68,10,65,9,329.0,717.0
pose,n,4,480,480,fp32,1,1,11059200,3763200,13159856,3289964,10,21,38,73,0,68,10,65,9,345.0,709.0
pose,n,4,480,480,int8,1,1,2764800,3763200,13159856,3289964,10,21,38,73,0,68,10,65,9,323.0,731.0
pose,n,4,640,640,fp16,1,1,9830400,3763200,13159856,3289964,10,21,38,73,0,68,10,65,9,388.0,812.0
pose,n,4,640,640,fp32,1,1,19660800,3763200,13159856,3289964,10,21,38,73,0,68,10,65,9,373.0,812.0
pose,n,4,640,640,int8,1,1,4915200,3763200,13159856,3289964,10,21,38,73,0,68,10,65,9,365.0,800.0
pose,n,8,320,320,fp16,1,1,4915200,3763200,13159856,3289964,10,21,38,73,0,68,10,65,9,281.0,687.0
pose,n,8,320,320,fp32,1,1,9830400,3763200,13159856,3289964,10,21,38,73,0,68,10,65,9,311.0,707.0
pose,n,8,320,320,int8,1,1,2457600,3763200,13159856,3289964,10,21,38,73,0,68,10,65,9,298.0,678.0
pose,n,8,480,480,fp16,1,1,11059200,3763200,13159856,3289964,10,21,38,73,0,68,10,65,9,348.0,849.0
pose,n,8,480,480,fp32,1,1,22118400,3763200,13159856,3289964,10,21,38,73,0,68,10,65,9,344.0,821.0
pose,n,8,480,480,int8,1,1,5529600,3763200,13159856,3289964,10,21,38,73,0,68,10,65,9,346.0,821.0
pose,n,8,640,640,fp16,1,1,19660800,3763200,13159856,3289964,10,21,38,73,0,68,10,65,9,353.0,802.0
pose,n,8,640,640,fp32,1,1,39321600,3763200,13159856,3289964,10,21,38,73,0,68,10,65,9,302.0,721.0
pose,n,8,640,640,int8,1,1,9830400,3763200,13159856,3289964,10,21,38,73,0,68,10,65,9,302.0,716.0
pose,s,1,320,320,fp16,1,1,614400,3763200,46462896,11615724,10,21,38,73,0,68,10,65,9,378.0,714.0
pose,s,1,320,320,fp32,1,1,1228800,3763200,46462896,11615724,10,21,38,73,0,68,10,65,9,357.0,718.0
pose,s,1,320,320,int8,1,1,307200,3763200,46462896,11615724,10,21,38,73,0,68,10,65,9,382.0,717.0
pose,s,1,480,480,fp16,1,1,1382400,3763200,46462896,11615724,10,21,38,73,0,68,10,65,9,378.0,724.0
pose,s,1,480,480,fp32,1,1,2764800,3763200,46462896,11615724,10,21,38,73,0,68,10,65,9,374.0,720.0
pose,s,1,480,480,int8,1,1,691200,3763200,46462896,11615724,10,21,38,73,0,68,10,65,9,381.0,713.0
pose,s,1,640,640,fp16,1,1,2457600,3763200,46462896,11615724,10,21,38,73,0,68,10,65,9,419.0,725.0
pose,s,1,640,640,int8,1,1,1228800,3763200,46462896,11615724,10,21,38,73,0,68,10,65,9,372.0,706.0
pose,s,2,320,320,fp16,1,1,1228800,3763200,46462896,11615724,10,21,38,73,0,68,10,65,9,341.0,701.0
pose,s,2,320,320,fp32,1,1,2457600,3763200,46462896,11615724,10,21,38,73,0,68,10,65,9,339.0,708.0
pose,s,2,320,320,int8,1,1,614400,3763200,46462896,11615724,10,21,38,73,0,68,10,65,9,331.0,733.0
pose,s,2,480,480,fp16,1,1,2764800,3763200,46462896,11615724,10,21,38,73,0,68,10,65,9,388.0,816.0
pose,s,2,480,480,fp32,1,1,5529600,3763200,46462896,11615724,10,21,38,73,0,68,10,65,9,337.0,714.0
pose,s,2,480,480,int8,1,1,1382400,3763200,46462896,11615724,10,21,38,73,0,68,10,65,9,354.0,737.0
pose,s,2,640,640,fp16,1,1,4915200,3763200,46462896,11615724,10,21,38,73,0,68,10,65,9,400.0,806.0
pose,s,2,640,640,int8,1,1,2457600,3763200,46462896,11615724,10,21,38,73,0,68,10,65,9,364.0,735.0
pose,s,4,320,320,fp16,1,1,2457600,3763200,46462896,11615724,10,21,38,73,0,68,10,65,9,320.0,802.0
pose,s,4,320,320,fp32,1,1,4915200,3763200,46462896,11615724,10,21,38,73,0,68,10,65,9,308.0,708.0
pose,s,4,320,320,int8,1,1,1228800,3763200,46462896,11615724,10,21,38,73,0,68,10,65,9,307.0,721.0
pose,s,4,480,480,fp16,1,1,5529600,3763200,46462896,11615724,10,21,38,73,0,68,10,65,9,369.0,808.0
pose,s,4,480,480,fp32,1,1,11059200,3763200,46462896,11615724,10,21,38,73,0,68,10,65,9,366.0,781.0
pose,s,4,480,480,int8,1,1,2764800,3763200,46462896,11615724,10,21,38,73,0,68,10,65,9,349.0,801.0
pose,s,4,640,640,fp16,1,1,9830400,3763200,46462896,11615724,10,21,38,73,0,68,10,65,9,351.0,723.0
pose,s,4,640,640,int8,1,1,4915200,3763200,46462896,11615724,10,21,38,73,0,68,10,65,9,396.0,811.0
pose,s,8,320,320,fp16,1,1,4915200,3763200,46462896,11615724,10,21,38,73,0,68,10,65,9,317.0,781.0
pose,s,8,320,320,fp32,1,1,9830400,3763200,46462896,11615724,10,21,38,73,0,68,10,65,9,333.0,799.0
pose,s,8,320,320,int8,1,1,2457600,3763200,46462896,11615724,10,21,38,73,0,68,10,65,9,317.0,776.0
pose,s,8,480,480,fp16,1,1,11059200,3763200,46462896,11615724,10,21,38,73,0,68,10,65,9,328.0,736.0
pose,s,8,480,480,fp32,1,1,22118400,3763200,46462896,11615724,10,21,38,73,0,68,10,65,9,353.0,818.0
pose,s,8,480,480,int8,1,1,5529600,3763200,46462896,11615724,10,21,38,73,0,68,10,65,9,345.0,808.0
pose,s,8,640,640,fp16,1,1,19660800,3763200,46462896,11615724,10,21,38,73,0,68,10,65,9,360.0,816.0
pose,s,8,640,640,int8,1,1,9830400,3763200,46462896,11615724,10,21,38,73,0,68,10,65,9,346.0,809.0
seg,n,1,320,320,fp16,1,2,614400,14348800,13617280,3404320,9,20,25,76,0,69,8,67,9,465.0,1051.0
seg,n,1,320,320,fp32,1,2,1228800,14348800,13617280,3404320,9,20,25,76,0,69,8,67,9,398.0,763.0
seg,n,1,320,320,int8,1,2,307200,14348800,13617280,3404320,9,20,25,76,0,69,8,67,9,396.0,797.0
seg,n,1,480,480,fp16,1,2,1382400,14348800,13617280,3404320,9,20,25,76,0,69,8,67,9,482.0,1135.0
seg,n,1,480,480,fp32,1,2,2764800,14348800,13617280,3404320,9,20,25,76,0,69,8,67,9,444.0,986.0
seg,n,1,480,480,int8,1,2,691200,14348800,13617280,3404320,9,20,25,76,0,69,8,67,9,436.0,930.0
seg,n,1,640,640,fp16,1,2,2457600,14348800,13617280,3404320,9,20,25,76,0,69,8,67,9,613.0,1722.0
seg,n,1,640,640,fp32,1,2,4915200,14348800,13617280,3404320,9,20,25,76,0,69,8,67,9,652.0,1783.0
seg,n,1,640,640,int8,1,2,1228800,14348800,13617280,3404320,9,20,25,76,0,69,8,67,9,644.0,1843.0
seg,n,2,320,320,fp16,1,2,1228800,14348800,13617280,3404320,9,20,25,76,0,69,8,67,9,365.0,812.0
seg,n,2,320,320,fp32,1,2,2457600,14348800,13617280,3404320,9,20,25,76,0,69,8,67,9,352.0,783.0
seg,n,2,320,320,int8,1,2,614400,14348800,13617280,3404320,9,20,25,76,0,69,8,67,9,391.0,961.0
seg,n,2,480,480,fp16,1,2,2764800,14348800,13617280,3404320,9,20,25,76,0,69,8,67,9,413.0,962.0
seg,n,2,480,480,fp32,1,2,5529600,14348800,13617280,3404320,9,20,25,76,0,69,8,67,9,405.0,980.0
seg,n,2,480,480,int8,1,2,1382400,14348800,13617280,3404320,9,20,25,76,0,69,8,67,9,395.0,878.0
seg,n,2,640,640,fp16,1,2,4915200,14348800,13617280,3404320,9,20,25,76,0,69,8,67,9,621.0,1763.0
seg,n,2,640,640,fp32,1,2,9830400,14348800,13617280,3404320,9,20,25,76,0,69,8,67,9,541.0,1686.0
seg,n,2,640,640,int8,1,2,2457600,14348800,13617280,3404320,9,20,25,76,0,69,8,67,9,535.0,1668.0
seg,n,4,320,320,fp16,1,2,2457600,14348800,13617280,3404320,9,20,25,76,0,69,8,67,9,349.0,799.0
seg,n,4,320,320,fp32,1,2,4915200,14348800,13617280,3404320,9,20,25,76,0,69,8,67,9,348.0,793.0
seg,n,4,320,320,int8,1,2,1228800,14348800,13617280,3404320,9,20,25,76,0,69,8,67,9,334.0,785.0
seg,n,4,480,480,fp16,1,2,5529600,14348800,13617280,3404320,9,20,25,76,0,69,8,67,9,426.0,969.0
seg,n,4,480,480,fp32,1,2,11059200,14348800,13617280,3404320,9,20,25,76,0,69,8,67,9,463.0,1160.0
seg,n,4,480,480,int8,1,2,2764800,14348800,13617280,3404320,9,20,25,76,0,69,8,67,9,397.0,978.0
seg,n,4,640,640,fp16,1,2,9830400,14348800,13617280,3404320,9,20,25,76,0,69,8,67,9,530.0,1828.0
seg,n,4,640,640,fp32,1,2,19660800,14348800,13617280,3404320,9,20,25,76,0,69,8,67,9,511.0,1789.0
seg,n,4,640,640,int8,1,2,4915200,14348800,13617280,3404320,9,20,25,76,0,69,8,67,9,572.0,1895.0
seg,n,8,320,320,fp16,1,2,4915200,14348800,13617280,3404320,9,20,25,76,0,69,8,67,9,351.0,895.0
seg,n,8,320,320,fp32,1,2,9830400,14348800,13617280,3404320,9,20,25,76,0,69,8,67,9,386.0,902.0
seg,n,8,320,320,int8,1,2,2457600,14348800,13617280,3404320,9,20,25,76,0,69,8,67,9,399.0,904.0
seg,n,8,480,480,fp16,1,2,11059200,14348800,13617280,3404320,9,20,25,76,0,69,8,67,9,400.0,1116.0
seg,n,8,480,480,fp32,1,2,22118400,14348800,13617280,3404320,9,20,25,76,0,69,8,67,9,428.0,1281.0
seg,n,8,480,480,int8,1,2,5529600,14348800,13617280,3404320,9,20,25,76,0,69,8,67,9,415.0,1142.0
seg,n,8,640,640,fp16,1,2,19660800,14348800,13617280,3404320,9,20,25,76,0,69,8,67,9,618.0,1992.0
seg,n,8,640,640,fp32,1,2,39321600,14348800,13617280,3404320,9,20,25,76,0,69,8,67,9,609.0,1975.0
seg,n,8,640,640,int8,1,2,9830400,14348800,13617280,3404320,9,20,25,76,0,69,8,67,9,557.0,1853.0
seg,s,1,320,320,fp16,1,2,614400,14348800,47242240,11810560,9,20,25,76,0,69,8,67,9,423.0,959.0
seg,s,1,320,320,fp32,1,2,1228800,14348800,47242240,11810560,9,20,25,76,0,69,8,67,9,471.0,997.0
seg,s,1,320,320,int8,1,2,307200,14348800,47242240,11810560,9,20,25,76,0,69,8,67,9,425.0,921.0
seg,s,1,480,480,fp16,1,2,1382400,14348800,47242240,11810560,9,20,25,76,0,69,8,67,9,501.0,1244.0
seg,s,1,480,480,fp32,1,2,2764800,14348800,47242240,11810560,9,20,25,76,0,69,8,67,9,458.0,1077.0
seg,s,1,480,480,int8,1,2,691200,14348800,47242240,11810560,9,20,25,76,0,69,8,67,9,537.0,1189.0
seg,s,1,640,640,fp16,1,2,2457600,14348800,47242240,11810560,9,20,25,76,0,69,8,67,9,718.0,1983.0
seg,s,1,640,640,fp32,1,2,4915200,14348800,47242240,11810560,9,20,25,76,0,69,8,67,9,618.0,1794.0
seg,s,1,640,640,int8,1,2,1228800,14348800,47242240,11810560,9,20,25,76,0,69,8,67,9,752.0,2072.0
seg,s,2,320,320,fp16,1,2,1228800,14348800,47242240,11810560,9,20,25,76,0,69,8,67,9,416.0,968.0
seg,s,2,320,320,fp32,1,2,2457600,14348800,47242240,11810560,9,20,25,76,0,69,8,67,9,383.0,919.0
seg,s,2,320,320,int8,1,2,614400,14348800,47242240,11810560,9,20,25,76,0,69,8,67,9,382.0,921.0
seg,s,2,480,480,fp16,1,2,2764800,14348800,47242240,11810560,9,20,25,76,0,69,8,67,9,520.0,1371.0
seg,s,2,480,480,fp32,1,2,5529600,14348800,47242240,11810560,9,20,25,76,0,69,8,67,9,480.0,1121.0
seg,s,2,480,480,int8,1,2,1382400,14348800,47242240,11810560,9,20,25,76,0,69,8,67,9,496.0,1323.0
seg,s,2,640,640,fp16,1,2,4915200,14348800,47242240,11810560,9,20,25,76,0,69,8,67,9,673.0,2090.0
seg,s,2,640,640,fp32,1,2,9830400,14348800,47242240,11810560,9,20,25,76,0,69,8,67,9,564.0,1745.0
seg,s,2,640,640,int8,1,2,2457600,14348800,47242240,11810560,9,20,25,76,0,69,8,67,9,668.0,2019.0
seg,s,4,320,320,fp16,1,2,2457600,14348800,47242240,11810560,9,20,25,76,0,69,8,67,9,420.0,1084.0
seg,s,4,320,320,fp32,1,2,4915200,14348800,47242240,11810560,9,20,25,76,0,69,8,67,9,402.0,1049.0
seg,s,4,320,320,int8,1,2,1228800,14348800,47242240,11810560,9,20,25,76,0,69,8,67,9,405.0,1008.0
seg,s,4,480,480,fp16,1,2,5529600,14348800,47242240,11810560,9,20,25,76,0,69,8,67,9,465.0,1176.0
seg,s,4,480,480,fp32,1,2,11059200,14348800,47242240,11810560,9,20,25,76,0,69,8,67,9,435.0,1270.0
seg,s,4,480,480,int8,1,2,2764800,14348800,47242240,11810560,9,20,25,76,0,69,8,67,9,438.0,1250.0
seg,s,4,640,640,fp16,1,2,9830400,14348800,47242240,11810560,9,20,25,76,0,69,8,67,9,656.0,2105.0
seg,s,4,640,640,fp32,1,2,19660800,14348800,47242240,11810560,9,20,25,76,0,69,8,67,9,590.0,1996.0
seg,s,4,640,640,int8,1,2,4915200,14348800,47242240,11810560,9,20,25,76,0,69,8,67,9,593.0,1997.0
seg,s,8,320,320,fp16,1,2,4915200,14348800,47242240,11810560,9,20,25,76,0,69,8,67,9,408.0,965.0
seg,s,8,320,320,fp32,1,2,9830400,14348800,47242240,11810560,9,20,25,76,0,69,8,67,9,383.0,955.0
seg,s,8,320,320,int8,1,2,2457600,14348800,47242240,11810560,9,20,25,76,0,69,8,67,9,380.0,951.0
seg,s,8,480,480,fp16,1,2,11059200,14348800,47242240,11810560,9,20,25,76,0,69,8,67,9,447.0,1325.0
seg,s,8,480,480,fp32,1,2,22118400,14348800,47242240,11810560,9,20,25,76,0,69,8,67,9,443.0,1331.0
seg,s,8,480,480,int8,1,2,5529600,14348800,47242240,11810560,9,20,25,76,0,69,8,67,9,440.0,1199.0
seg,s,8,640,640,fp16,1,2,19660800,14348800,47242240,11810560,9,20,25,76,0,69,8,67,9,594.0,2069.0
seg,s,8,640,640,fp32,1,2,39321600,14348800,47242240,11810560,9,20,25,76,0,69,8,67,9,587.0,1998.0
seg,s,8,640,640,int8,1,2,9830400,14348800,47242240,11810560,9,20,25,76,0,69,8,67,9,624.0,2093.0
cls,n,1,320,320,fp16,1,1,614400,32000,10863520,2715880,6,4,4,26,1,26,0,26,4,220.0,515.0
cls,n,1,320,320,fp32,1,1,1228800,32000,10863520,2715880,6,4,4,26,1,26,0,26,4,312.0,531.0
cls,n,1,320,320,int8,1,1,307200,32000,10863520,2715880,6,4,4,26,1,26,0,26,4,291.0,534.0
cls,n,1,480,480,fp16,1,1,1382400,32000,10863520,2715880,6,4,4,26,1,26,0,26,4,364.0,743.0
cls,n,1,480,480,fp32,1,1,2764800,32000,10863520,2715880,6,4,4,26,1,26,0,26,4,355.0,741.0
cls,n,1,480,480,int8,1,1,691200,32000,10863520,2715880,6,4,4,26,1,26,0,26,4,269.0,667.0
cls,n,1,640,640,fp16,1,1,2457600,32000,10863520,2715880,6,4,4,26,1,26,0,26,4,398.5,973.0
cls,n,1,640,640,fp32,1,1,4915200,32000,10863520,2715880,6,4,4,26,1,26,0,26,4,349.0,955.0
cls,n,1,640,640,int8,1,1,1228800,32000,10863520,2715880,6,4,4,26,1,26,0,26,4,411.0,952.0
cls,n,2,320,320,fp16,1,1,1228800,32000,10863520,2715880,6,4,4,26,1,26,0,26,4,278.0,524.0
cls,n,2,320,320,fp32,1,1,2457600,32000,10863520,2715880,6,4,4,26,1,26,0,26,4,279.0,520.0
cls,n,2,320,320,int8,1,1,614400,32000,10863520,2715880,6,4,4,26,1,26,0,26,4,281.0,523.0
cls,n,2,480,480,fp16,1,1,2764800,32000,10863520,2715880,6,4,4,26,1,26,0,26,4,318.0,737.0
cls,n,2,480,480,fp32,1,1,5529600,32000,10863520,2715880,6,4,4,26,1,26,0,26,4,319.0,744.0
cls,n,2,480,480,int8,1,1,1382400,32000,10863520,2715880,6,4,4,26,1,26,0,26,4,312.0,736.0
cls,n,2,640,640,fp16,1,1,4915200,32000,10863520,2715880,6,4,4,26,1,26,0,26,4,350.5,923.0
cls,n,2,640,640,fp32,1,1,9830400,32000,10863520,2715880,6,4,4,26,1,26,0,26,4,375.5,974.0
cls,n,2,640,640,int8,1,1,2457600,32000,10863520,2715880,6,4,4,26,1,26,0,26,4,362.0,936.0
cls,n,4,320,320,fp16,1,1,2457600,32000,10863520,2715880,6,4,4,26,1,26,0,26,4,286.0,537.0
cls,n,4,320,320,fp32,1,1,4915200,32000,10863520,2715880,6,4,4,26,1,26,0,26,4,292.0,544.0
cls,n,4,320,320,int8,1,1,1228800,32000,10863520,2715880,6,4,4,26,1,26,0,26,4,285.0,538.0
cls,n,4,480,480,fp16,1,1,5529600,32000,10863520,2715880,6,4,4,26,1,26,0,26,4,327.0,732.0
cls,n,4,480,480,fp32,1,1,11059200,32000,10863520,2715880,6,4,4,26,1,26,0,26,4,341.0,811.0
cls,n,4,480,480,int8,1,1,2764800,32000,10863520,2715880,6,4,4,26,1,26,0,26,4,315.0,725.0
cls,n,4,640,640,fp16,1,1,9830400,32000,10863520,2715880,6,4,4,26,1,26,0,26,4,352.0,957.0
cls,n,4,640,640,fp32,1,1,19660800,32000,10863520,2715880,6,4,4,26,1,26,0,26,4,360.5,953.0
cls,n,4,640,640,int8,1,1,4915200,32000,10863520,2715880,6,4,4,26,1,26,0,26,4,350.0,950.0
cls,n,8,320,320,fp16,1,1,4915200,32000,10863520,2715880,6,4,4,26,1,26,0,26,4,292.0,573.0
cls,n,8,320,320,fp32,1,1,9830400,32000,10863520,2715880,6,4,4,26,1,26,0,26,4,278.0,557.0
cls,n,8,320,320,int8,1,1,2457600,32000,10863520,2715880,6,4,4,26,1,26,0,26,4,289.0,565.0
cls,n,8,480,480,fp16,1,1,11059200,32000,10863520,2715880,6,4,4,26,1,26,0,26,4,268.0,678.0
cls,n,8,480,480,fp32,1,1,22118400,32000,10863520,2715880,6,4,4,26,1,26,0,26,4,315.0,734.0
cls,n,8,480,480,int8,1,1,5529600,32000,10863520,2715880,6,4,4,26,1,26,0,26,4,321.0,782.0
cls,n,8,640,640,fp16,1,1,19660800,32000,10863520,2715880,6,4,4,26,1,26,0,26,4,310.5,658.0
cls,n,8,640,640,fp32,1,1,39321600,32000,10863520,2715880,6,4,4,26,1,26,0,26,4,334.5,733.0
cls,n,8,640,640,int8,1,1,9830400,32000,10863520,2715880,6,4,4,26,1,26,0,26,4,342.0,745.0
cls,s,1,320,320,fp16,1,1,614400,32000,25424800,6356200,6,4,4,26,1,26,0,26,4,286.0,536.0
cls,s,1,320,320,fp32,1,1,1228800,32000,25424800,6356200,6,4,4,26,1,26,0,26,4,316.0,531.0
cls,s,1,320,320,int8,1,1,307200,32000,25424800,6356200,6,4,4,26,1,26,0,26,4,254.0,529.0
cls,s,1,480,480,fp16,1,1,1382400,32000,25424800,6356200,6,4,4,26,1,26,0,26,4,350.0,743.0
cls,s,1,480,480,fp32,1,1,2764800,32000,25424800,6356200,6,4,4,26,1,26,0,26,4,313.0,563.0
cls,s,1,480,480,int8,1,1,691200,32000,25424800,6356200,6,4,4,26,1,26,0,26,4,322.0,659.0
cls,s,1,640,640,fp16,1,1,2457600,32000,25424800,6356200,6,4,4,26,1,26,0,26,4,409.0,958.0
cls,s,1,640,640,fp32,1,1,4915200,32000,25424800,6356200,6,4,4,26,1,26,0,26,4,405.0,955.0
cls,s,1,640,640,int8,1,1,1228800,32000,25424800,6356200,6,4,4,26,1,26,0,26,4,407.0,865.0
cls,s,2,320,320,fp16,1,1,1228800,32000,25424800,6356200,6,4,4,26,1,26,0,26,4,302.0,535.0
cls,s,2,320,320,fp32,1,1,2457600,32000,25424800,6356200,6,4,4,26,1,26,0,26,4,294.0,543.0
cls,s,2,320,320,int8,1,1,614400,32000,25424800,6356200,6,4,4,26,1,26,0,26,4,313.0,527.0
cls,s,2,480,480,fp16,1,1,2764800,32000,25424800,6356200,6,4,4,26,1,26,0,26,4,326.0,732.0
cls,s,2,480,480,fp32,1,1,5529600,32000,25424800,6356200,6,4,4,26,1,26,0,26,4,326.0,730.0
cls,s,2,480,480,int8,1,1,1382400,32000,25424800,6356200,6,4,4,26,1,26,0,26,4,366.0,733.0
cls,s,2,640,640,fp16,1,1,4915200,32000,25424800,6356200,6,4,4,26,1,26,0,26,4,385.0,921.0
cls,s,2,640,640,fp32,1,1,9830400,32000,25424800,6356200,6,4,4,26,1,26,0,26,4,416.0,972.0
cls,s,2,640,640,int8,1,1,2457600,32000,25424800,6356200,6,4,4,26,1,26,0,26,4,327.0,820.0
cls,s,4,320,320,fp16,1,1,2457600,32000,25424800,6356200,6,4,4,26,1,26,0,26,4,304.0,617.0
cls,s,4,320,320,fp32,1,1,4915200,32000,25424800,6356200,6,4,4,26,1,26,0,26,4,283.0,536.0
cls,s,4,320,320,int8,1,1,1228800,32000,25424800,6356200,6,4,4,26,1,26,0,26,4,307.0,538.0
cls,s,4,480,480,fp16,1,1,5529600,32000,25424800,6356200,6,4,4,26,1,26,0,26,4,318.0,719.0
cls,s,4,480,480,fp32,1,1,11059200,32000,25424800,6356200,6,4,4,26,1,26,0,26,4,331.0,740.0
cls,s,4,480,480,int8,1,1,2764800,32000,25424800,6356200,6,4,4,26,1,26,0,26,4,322.0,735.0
cls,s,4,640,640,fp16,1,1,9830400,32000,25424800,6356200,6,4,4,26,1,26,0,26,4,329.0,951.0
cls,s,4,640,640,fp32,1,1,19660800,32000,25424800,6356200,6,4,4,26,1,26,0,26,4,375.5,958.0
cls,s,4,640,640,int8,1,1,4915200,32000,25424800,6356200,6,4,4,26,1,26,0,26,4,378.0,955.0
cls,s,8,320,320,fp16,1,1,4915200,32000,25424800,6356200,6,4,4,26,1,26,0,26,4,290.0,571.0
cls,s,8,320,320,fp32,1,1,9830400,32000,25424800,6356200,6,4,4,26,1,26,0,26,4,287.0,549.0
cls,s,8,320,320,int8,1,1,2457600,32000,25424800,6356200,6,4,4,26,1,26,0,26,4,294.0,570.0
cls,s,8,480,480,fp16,1,1,11059200,32000,25424800,6356200,6,4,4,26,1,26,0,26,4,300.0,673.0
cls,s,8,480,480,fp32,1,1,22118400,32000,25424800,6356200,6,4,4,26,1,26,0,26,4,299.0,680.0
cls,s,8,480,480,int8,1,1,5529600,32000,25424800,6356200,6,4,4,26,1,26,0,26,4,338.0,791.0
cls,s,8,640,640,fp16,1,1,19660800,32000,25424800,6356200,6,4,4,26,1,26,0,26,4,343.0,577.0
cls,s,8,640,640,fp32,1,1,39321600,32000,25424800,6356200,6,4,4,26,1,26,0,26,4,377.5,800.0
cls,s,8,640,640,int8,1,1,9830400,32000,25424800,6356200,6,4,4,26,1,26,0,26,4,348.0,577.0
det,n,1,320,320,fp16,1,1,614400,5644800,12607616,3151904,9,19,22,64,0,60,5,58,9,410.0,724.0
det,n,1,320,320,fp32,1,1,1228800,5644800,12607616,3151904,9,19,22,64,0,60,5,58,9,359.0,705.0
det,n,1,320,320,int8,1,1,307200,5644800,12607616,3151904,9,19,22,64,0,60,5,58,9,369.0,715.0
det,n,1,480,480,fp16,1,1,1382400,5644800,12607616,3151904,9,19,22,64,0,60,5,58,9,390.0,708.0
det,n,1,480,480,fp32,1,1,2764800,5644800,12607616,3151904,9,19,22,64,0,60,5,58,9,381.0,728.0
det,n,1,480,480,int8,1,1,691200,5644800,12607616,3151904,9,19,22,64,0,60,5,58,9,353.0,710.0
det,n,1,640,640,fp16,1,1,2457600,5644800,12607616,3151904,9,19,22,64,0,60,5,58,9,404.5,729.0
det,n,1,640,640,fp32,1,1,4915200,5644800,12607616,3151904,9,19,22,64,0,60,5,58,9,380.0,722.0
det,n,1,640,640,int8,1,1,1228800,5644800,12607616,3151904,9,19,22,64,0,60,5,58,9,389.0,704.0
det,n,2,320,320,fp16,1,1,1228800,5644800,12607616,3151904,9,19,22,64,0,60,5,58,9,321.0,678.0
det,n,2,320,320,fp32,1,1,2457600,5644800,12607616,3151904,9,19,22,64,0,60,5,58,9,356.0,720.0
det,n,2,320,320,int8,1,1,614400,5644800,12607616,3151904,9,19,22,64,0,60,5,58,9,332.0,682.0
det,n,2,480,480,fp16,1,1,2764800,5644800,12607616,3151904,9,19,22,64,0,60,5,58,9,351.0,695.0
det,n,2,480,480,fp32,1,1,5529600,5644800,12607616,3151904,9,19,22,64,0,60,5,58,9,374.0,720.0
det,n,2,480,480,int8,1,1,1382400,5644800,12607616,3151904,9,19,22,64,0,60,5,58,9,275.0,710.0
det,n,2,640,640,fp16,1,1,4915200,5644800,12607616,3151904,9,19,22,64,0,60,5,58,9,391.0,796.0
det,n,2,640,640,fp32,1,1,9830400,5644800,12607616,3151904,9,19,22,64,0,60,5,58,9,376.5,802.0
det,n,2,640,640,int8,1,1,2457600,5644800,12607616,3151904,9,19,22,64,0,60,5,58,9,374.0,720.0
det,n,4,320,320,fp16,1,1,2457600,5644800,12607616,3151904,9,19,22,64,0,60,5,58,9,326.0,697.0
det,n,4,320,320,fp32,1,1,4915200,5644800,12607616,3151904,9,19,22,64,0,60,5,58,9,341.0,702.0
det,n,4,320,320,int8,1,1,1228800,5644800,12607616,3151904,9,19,22,64,0,60,5,58,9,326.0,709.0
det,n,4,480,480,fp16,1,1,5529600,5644800,12607616,3151904,9,19,22,64,0,60,5,58,9,340.0,724.0
det,n,4,480,480,fp32,1,1,11059200,5644800,12607616,3151904,9,19,22,64,0,60,5,58,9,362.0,800.0
det,n,4,480,480,int8,1,1,2764800,5644800,12607616,3151904,9,19,22,64,0,60,5,58,9,330.0,717.0
det,n,4,640,640,fp16,1,1,9830400,5644800,12607616,3151904,9,19,22,64,0,60,5,58,9,379.5,813.0
det,n,4,640,640,fp32,1,1,19660800,5644800,12607616,3151904,9,19,22,64,0,60,5,58,9,343.5,803.0
det,n,4,640,640,int8,1,1,4915200,5644800,12607616,3151904,9,19,22,64,0,60,5,58,9,362.0,815.0
det,n,8,320,320,fp16,1,1,4915200,5644800,12607616,3151904,9,19,22,64,0,60,5,58,9,327.0,708.0
det,n,8,320,320,fp32,1,1,9830400,5644800,12607616,3151904,9,19,22,64,0,60,5,58,9,333.0,741.0
det,n,8,320,320,int8,1,1,2457600,5644800,12607616,3151904,9,19,22,64,0,60,5,58,9,325.0,706.0
det,n,8,480,480,fp16,1,1,11059200,5644800,12607616,3151904,9,19,22,64,0,60,5,58,9,331.0,731.0
det,n,8,480,480,fp32,1,1,22118400,5644800,12607616,3151904,9,19,22,64,0,60,5,58,9,339.0,738.0
det,n,8,480,480,int8,1,1,5529600,5644800,12607616,3151904,9,19,22,64,0,60,5,58,9,376.0,820.0
det,n,8,640,640,fp16,1,1,19660800,5644800,12607616,3151904,9,19,22,64,0,60,5,58,9,360.0,814.0
det,n,8,640,640,fp32,1,1,39321600,5644800,12607616,3151904,9,19,22,64,0,60,5,58,9,357.5,812.0
det,n,8,640,640,int8,1,1,9830400,5644800,12607616,3151904,9,19,22,64,0,60,5,58,9,344.0,729.0
det,s,1,320,320,fp16,1,1,614400,5644800,44626176,11156544,9,19,22,64,0,60,5,58,9,357.0,711.0
det,s,1,320,320,fp32,1,1,1228800,5644800,44626176,11156544,9,19,22,64,0,60,5,58,9,381.0,708.0
det,s,1,320,320,int8,1,1,307200,5644800,44626176,11156544,9,19,22,64,0,60,5,58,9,353.0,701.0
det,s,1,480,480,fp16,1,1,1382400,5644800,44626176,11156544,9,19,22,64,0,60,5,58,9,379.0,708.0
det,s,1,480,480,fp32,1,1,2764800,5644800,44626176,11156544,9,19,22,64,0,60,5,58,9,383.0,707.0
det,s,1,480,480,int8,1,1,691200,5644800,44626176,11156544,9,19,22,64,0,60,5,58,9,387.0,710.0
det,s,1,640,640,fp16,1,1,2457600,5644800,44626176,11156544,9,19,22,64,0,60,5,58,9,399.0,721.0
det,s,1,640,640,fp32,1,1,4915200,5644800,44626176,11156544,9,19,22,64,0,60,5,58,9,396.0,718.0
det,s,1,640,640,int8,1,1,1228800,5644800,44626176,11156544,9,19,22,64,0,60,5,58,9,396.0,723.0
det,s,2,320,320,fp16,1,1,1228800,5644800,44626176,11156544,9,19,22,64,0,60,5,58,9,376.0,735.0
det,s,2,320,320,fp32,1,1,2457600,5644800,44626176,11156544,9,19,22,64,0,60,5,58,9,383.0,738.0
det,s,2,320,320,int8,1,1,614400,5644800,44626176,11156544,9,19,22,64,0,60,5,58,9,305.0,711.0
det,s,2,480,480,fp16,1,1,2764800,5644800,44626176,11156544,9,19,22,64,0,60,5,58,9,340.0,713.0
det,s,2,480,480,fp32,1,1,5529600,5644800,44626176,11156544,9,19,22,64,0,60,5,58,9,353.0,718.0
det,s,2,480,480,int8,1,1,1382400,5644800,44626176,11156544,9,19,22,64,0,60,5,58,9,361.0,729.0
det,s,2,640,640,fp16,1,1,4915200,5644800,44626176,11156544,9,19,22,64,0,60,5,58,9,423.0,798.0
det,s,2,640,640,fp32,1,1,9830400,5644800,44626176,11156544,9,19,22,64,0,60,5,58,9,386.0,799.0
det,s,2,640,640,int8,1,1,2457600,5644800,44626176,11156544,9,19,22,64,0,60,5,58,9,398.0,811.0
det,s,4,320,320,fp16,1,1,2457600,5644800,44626176,11156544,9,19,22,64,0,60,5,58,9,362.0,726.0
det,s,4,320,320,fp32,1,1,4915200,5644800,44626176,11156544,9,19,22,64,0,60,5,58,9,374.0,807.0
det,s,4,320,320,int8,1,1,1228800,5644800,44626176,11156544,9,19,22,64,0,60,5,58,9,341.0,709.0
det,s,4,480,480,fp16,1,1,5529600,5644800,44626176,11156544,9,19,22,64,0,60,5,58,9,377.0,736.0
det,s,4,480,480,fp32,1,1,11059200,5644800,44626176,11156544,9,19,22,64,0,60,5,58,9,370.0,806.0
det,s,4,480,480,int8,1,1,2764800,5644800,44626176,11156544,9,19,22,64,0,60,5,58,9,378.0,788.0
det,s,4,640,640,fp16,1,1,9830400,5644800,44626176,11156544,9,19,22,64,0,60,5,58,9,363.0,787.0
det,s,4,640,640,fp32,1,1,19660800,5644800,44626176,11156544,9,19,22,64,0,60,5,58,9,370.5,803.0
det,s,4,640,640,int8,1,1,4915200,5644800,44626176,11156544,9,19,22,64,0,60,5,58,9,391.0,828.0
det,s,8,320,320,fp16,1,1,4915200,5644800,44626176,11156544,9,19,22,64,0,60,5,58,9,383.0,806.0
det,s,8,320,320,fp32,1,1,9830400,5644800,44626176,11156544,9,19,22,64,0,60,5,58,9,346.0,732.0
det,s,8,320,320,int8,1,1,2457600,5644800,44626176,11156544,9,19,22,64,0,60,5,58,9,350.0,793.0
det,s,8,480,480,fp16,1,1,11059200,5644800,44626176,11156544,9,19,22,64,0,60,5,58,9,338.0,728.0
det,s,8,480,480,fp32,1,1,22118400,5644800,44626176,11156544,9,19,22,64,0,60,5,58,9,329.0,717.0
det,s,8,480,480,int8,1,1,5529600,5644800,44626176,11156544,9,19,22,64,0,60,5,58,9,344.0,713.0
det,s,8,640,640,fp16,1,1,19660800,5644800,44626176,11156544,9,19,22,64,0,60,5,58,9,373.0,811.0
det,s,8,640,640,fp32,1,1,39321600,5644800,44626176,11156544,9,19,22,64,0,60,5,58,9,362.5,733.0
det,s,8,640,640,int8,1,1,9830400,5644800,44626176,11156544,9,19,22,64,0,60,5,58,9,354.0,727.0
obb,n,1,320,320,fp16,1,1,614400,1344000,12320576,3080144,9,21,22,73,0,69,8,65,11,888.0,1448.0
obb,n,1,320,320,fp32,1,1,1228800,1344000,12320576,3080144,9,21,22,73,0,69,8,65,11,1243.0,2064.0
obb,n,1,320,320,int8,1,1,307200,1344000,12320576,3080144,9,21,22,73,0,69,8,65,11,1109.0,2097.0
obb,n,1,480,480,fp16,1,1,1382400,1344000,12320576,3080144,9,21,22,73,0,69,8,65,11,1100.0,2110.0
obb,n,1,480,480,fp32,1,1,2764800,1344000,12320576,3080144,9,21,22,73,0,69,8,65,11,1017.0,1774.0
obb,n,1,480,480,int8,1,1,691200,1344000,12320576,3080144,9,21,22,73,0,69,8,65,11,968.0,1751.0
obb,n,1,640,640,fp16,1,1,2457600,1344000,12320576,3080144,9,21,22,73,0,69,8,65,11,1064.0,1938.0
obb,n,1,640,640,fp32,1,1,4915200,1344000,12320576,3080144,9,21,22,73,0,69,8,65,11,1082.5,2119.0
obb,n,1,640,640,int8,1,1,1228800,1344000,12320576,3080144,9,21,22,73,0,69,8,65,11,1049.0,1790.0
obb,n,2,320,320,fp16,1,1,1228800,1344000,12320576,3080144,9,21,22,73,0,69,8,65,11,1100.0,2097.0
obb,n,2,320,320,fp32,1,1,2457600,1344000,12320576,3080144,9,21,22,73,0,69,8,65,11,1103.0,2086.0
obb,n,2,320,320,int8,1,1,614400,1344000,12320576,3080144,9,21,22,73,0,69,8,65,11,1117.0,2154.0
obb,n,2,480,480,fp16,1,1,2764800,1344000,12320576,3080144,9,21,22,73,0,69,8,65,11,1010.0,1807.0
obb,n,2,480,480,fp32,1,1,5529600,1344000,12320576,3080144,9,21,22,73,0,69,8,65,11,999.0,1837.0
obb,n,2,480,480,int8,1,1,1382400,1344000,12320576,3080144,9,21,22,73,0,69,8,65,11,1052.0,1802.0
obb,n,2,640,640,fp16,1,1,4915200,1344000,12320576,3080144,9,21,22,73,0,69,8,65,11,1069.5,1959.0
obb,n,2,640,640,fp32,1,1,9830400,1344000,12320576,3080144,9,21,22,73,0,69,8,65,11,1089.5,2025.0
obb,n,2,640,640,int8,1,1,2457600,1344000,12320576,3080144,9,21,22,73,0,69,8,65,11,971.0,1631.0
obb,n,4,320,320,fp16,1,1,2457600,1344000,12320576,3080144,9,21,22,73,0,69,8,65,11,1086.0,2096.0
obb,n,4,320,320,fp32,1,1,4915200,1344000,12320576,3080144,9,21,22,73,0,69,8,65,11,1015.0,2167.0
obb,n,4,320,320,int8,1,1,1228800,1344000,12320576,3080144,9,21,22,73,0,69,8,65,11,1090.0,2194.0
obb,n,4,480,480,fp16,1,1,5529600,1344000,12320576,3080144,9,21,22,73,0,69,8,65,11,1068.0,1954.0
obb,n,4,480,480,fp32,1,1,11059200,1344000,12320576,3080144,9,21,22,73,0,69,8,65,11,1046.0,1783.0
obb,n,4,480,480,int8,1,1,2764800,1344000,12320576,3080144,9,21,22,73,0,69,8,65,11,1073.0,1904.0
obb,n,4,640,640,fp16,1,1,9830400,1344000,12320576,3080144,9,21,22,73,0,69,8,65,11,1045.0,1947.0
obb,n,4,640,640,fp32,1,1,19660800,1344000,12320576,3080144,9,21,22,73,0,69,8,65,11,1098.5,2165.0
obb,n,4,640,640,int8,1,1,4915200,1344000,12320576,3080144,9,21,22,73,0,69,8,65,11,1080.0,1815.0
obb,n,8,320,320,fp16,1,1,4915200,1344000,12320576,3080144,9,21,22,73,0,69,8,65,11,1145.0,2183.0
obb,n,8,320,320,fp32,1,1,9830400,1344000,12320576,3080144,9,21,22,73,0,69,8,65,11,1077.0,2091.0
obb,n,8,320,320,int8,1,1,2457600,1344000,12320576,3080144,9,21,22,73,0,69,8,65,11,960.0,2144.0
obb,n,8,480,480,fp16,1,1,11059200,1344000,12320576,3080144,9,21,22,73,0,69,8,65,11,1030.0,1836.0
obb,n,8,480,480,fp32,1,1,22118400,1344000,12320576,3080144,9,21,22,73,0,69,8,65,11,1002.0,1790.0
obb,n,8,480,480,int8,1,1,5529600,1344000,12320576,3080144,9,21,22,73,0,69,8,65,11,1044.0,1842.0
obb,n,8,640,640,fp16,1,1,19660800,1344000,12320576,3080144,9,21,22,73,0,69,8,65,11,1153.0,2200.0
obb,n,8,640,640,fp32,1,1,39321600,1344000,12320576,3080144,9,21,22,73,0,69,8,65,11,1157.5,2076.0
obb,n,8,640,640,int8,1,1,9830400,1344000,12320576,3080144,9,21,22,73,0,69,8,65,11,1136.0,1928.0
obb,s,1,320,320,fp16,1,1,614400,1344000,45669504,11417376,9,21,22,73,0,69,8,65,11,1085.0,2049.0
obb,s,1,320,320,fp32,1,1,1228800,1344000,45669504,11417376,9,21,22,73,0,69,8,65,11,1116.0,2137.0
obb,s,1,320,320,int8,1,1,307200,1344000,45669504,11417376,9,21,22,73,0,69,8,65,11,1033.0,2112.0
obb,s,1,480,480,fp16,1,1,1382400,1344000,45669504,11417376,9,21,22,73,0,69,8,65,11,1082.0,1852.0
obb,s,1,480,480,fp32,1,1,2764800,1344000,45669504,11417376,9,21,22,73,0,69,8,65,11,1109.0,2090.0
obb,s,1,480,480,int8,1,1,691200,1344000,45669504,11417376,9,21,22,73,0,69,8,65,11,1067.0,2099.0
obb,s,1,640,640,fp16,1,1,2457600,1344000,45669504,11417376,9,21,22,73,0,69,8,65,11,1048.0,1898.0
obb,s,1,640,640,int8,1,1,1228800,1344000,45669504,11417376,9,21,22,73,0,69,8,65,11,1098.0,1791.0
obb,s,2,320,320,fp16,1,1,1228800,1344000,45669504,11417376,9,21,22,73,0,69,8,65,11,1088.0,2134.0
obb,s,2,320,320,fp32,1,1,2457600,1344000,45669504,11417376,9,21,22,73,0,69,8,65,11,1097.0,2135.0
obb,s,2,320,320,int8,1,1,614400,1344000,45669504,11417376,9,21,22,73,0,69,8,65,11,1107.0,2110.0
obb,s,2,480,480,fp16,1,1,2764800,1344000,45669504,11417376,9,21,22,73,0,69,8,65,11,1103.0,2120.0
obb,s,2,480,480,fp32,1,1,5529600,1344000,45669504,11417376,9,21,22,73,0,69,8,65,11,1105.0,2072.0
obb,s,2,480,480,int8,1,1,1382400,1344000,45669504,11417376,9,21,22,73,0,69,8,65,11,1148.0,2128.0
obb,s,2,640,640,fp16,1,1,4915200,1344000,45669504,11417376,9,21,22,73,0,69,8,65,11,1106.0,1880.0
obb,s,2,640,640,int8,1,1,2457600,1344000,45669504,11417376,9,21,22,73,0,69,8,65,11,1020.0,1774.0
obb,s,4,320,320,fp16,1,1,2457600,1344000,45669504,11417376,9,21,22,73,0,69,8,65,11,1185.0,2196.0
obb,s,4,320,320,fp32,1,1,4915200,1344000,45669504,11417376,9,21,22,73,0,69,8,65,11,1131.0,2175.0
obb,s,4,320,320,int8,1,1,1228800,1344000,45669504,11417376,9,21,22,73,0,69,8,65,11,1207.0,2185.0
obb,s,4,480,480,fp16,1,1,5529600,1344000,45669504,11417376,9,21,22,73,0,69,8,65,11,1075.0,2038.0
obb,s,4,480,480,fp32,1,1,11059200,1344000,45669504,11417376,9,21,22,73,0,69,8,65,11,1085.0,2066.0
obb,s,4,480,480,int8,1,1,2764800,1344000,45669504,11417376,9,21,22,73,0,69,8,65,11,1062.0,1979.0
obb,s,4,640,640,fp16,1,1,9830400,1344000,45669504,11417376,9,21,22,73,0,69,8,65,11,1066.0,1893.0
obb,s,4,640,640,int8,1,1,4915200,1344000,45669504,11417376,9,21,22,73,0,69,8,65,11,1123.0,1927.0
obb,s,8,320,320,fp16,1,1,4915200,1344000,45669504,11417376,9,21,22,73,0,69,8,65,11,1067.0,2157.0
obb,s,8,320,320,fp32,1,1,9830400,1344000,45669504,11417376,9,21,22,73,0,69,8,65,11,1065.0,2125.0
obb,s,8,320,320,int8,1,1,2457600,1344000,45669504,11417376,9,21,22,73,0,69,8,65,11,1058.0,2174.0
obb,s,8,480,480,fp16,1,1,11059200,1344000,45669504,11417376,9,21,22,73,0,69,8,65,11,1109.0,2118.0
obb,s,8,480,480,fp32,1,1,22118400,1344000,45669504,11417376,9,21,22,73,0,69,8,65,11,1052.0,2019.0
obb,s,8,480,480,int8,1,1,5529600,1344000,45669504,11417376,9,21,22,73,0,69,8,65,11,1096.0,2071.0
obb,s,8,640,640,fp16,1,1,19660800,1344000,45669504,11417376,9,21,22,73,0,69,8,65,11,1092.0,2010.0
obb,s,8,640,640,int8,1,1,9830400,1344000,45669504,11417376,9,21,22,73,0,69,8,65,11,1146.0,1993.0
pose,n,1,320,320,fp16,1,1,614400,3763200,13159856,3289964,10,21,38,73,0,68,10,65,9,323.0,716.0
pose,n,1,320,320,fp32,1,1,1228800,3763200,13159856,3289964,10,21,38,73,0,68,10,65,9,343.0,713.0
pose,n,1,320,320,int8,1,1,307200,3763200,13159856,3289964,10,21,38,73,0,68,10,65,9,353.0,687.0
pose,n,1,480,480,fp16,1,1,1382400,3763200,13159856,3289964,10,21,38,73,0,68,10,65,9,387.0,721.0
pose,n,1,480,480,fp32,1,1,2764800,3763200,13159856,3289964,10,21,38,73,0,68,10,65,9,380.0,720.0
pose,n,1,480,480,int8,1,1,691200,3763200,13159856,3289964,10,21,38,73,0,68,10,65,9,379.0,715.0
pose,n,1,640,640,fp16,1,1,2457600,3763200,13159856,3289964,10,21,38,73,0,68,10,65,9,382.5,719.0
pose,n,1,640,640,fp32,1,1,4915200,3763200,13159856,3289964,10,21,38,73,0,68,10,65,9,387.0,723.0
pose,n,1,640,640,int8,1,1,1228800,3763200,13159856,3289964,10,21,38,73,0,68,10,65,9,325.0,719.0
pose,n,2,320,320,fp16,1,1,1228800,3763200,13159856,3289964,10,21,38,73,0,68,10,65,9,333.0,685.0
pose,n,2,320,320,fp32,1,1,2457600,3763200,13159856,3289964,10,21,38,73,0,68,10,65,9,325.0,701.0
pose,n,2,320,320,int8,1,1,614400,3763200,13159856,3289964,10,21,38,73,0,68,10,65,9,329.0,701.0
pose,n,2,480,480,fp16,1,1,2764800,3763200,13159856,3289964,10,21,38,73,0,68,10,65,9,365.0,719.0
pose,n,2,480,480,fp32,1,1,5529600,3763200,13159856,3289964,10,21,38,73,0,68,10,65,9,345.0,705.0
pose,n,2,480,480,int8,1,1,1382400,3763200,13159856,3289964,10,21,38,73,0,68,10,65,9,374.0,727.0
pose,n,2,640,640,fp16,1,1,4915200,3763200,13159856,3289964,10,21,38,73,0,68,10,65,9,366.5,806.0
pose,n,2,640,640,fp32,1,1,9830400,3763200,13159856,3289964,10,21,38,73,0,68,10,65,9,362.5,825.0
pose,n,2,640,640,int8,1,1,2457600,3763200,13159856,3289964,10,21,38,73,0,68,10,65,9,329.0,716.0
pose,n,4,320,320,fp16,1,1,2457600,3763200,13159856,3289964,10,21,38,73,0,68,10,65,9,336.0,687.0
pose,n,4,320,320,fp32,1,1,4915200,3763200,13159856,3289964,10,21,38,73,0,68,10,65,9,325.0,706.0
pose,n,4,320,320,int8,1,1,1228800,3763200,13159856,3289964,10,21,38,73,0,68,10,65,9,357.0,722.0
pose,n,4,480,480,fp16,1,1,5529600,3763200,13159856,3289964,10,21,38,73,0,68,10,65,9,338.0,718.0
pose,n,4,480,480,fp32,1,1,11059200,3763200,13159856,3289964,10,21,38,73,0,68,10,65,9,335.0,716.0
pose,n,4,480,480,int8,1,1,2764800,3763200,13159856,3289964,10,21,38,73,0,68,10,65,9,294.0,702.0
pose,n,4,640,640,fp16,1,1,9830400,3763200,13159856,3289964,10,21,38,73,0,68,10,65,9,351.0,807.0
pose,n,4,640,640,fp32,1,1,19660800,3763200,13159856,3289964,10,21,38,73,0,68,10,65,9,343.0,816.0
pose,n,4,640,640,int8,1,1,4915200,3763200,13159856,3289964,10,21,38,73,0,68,10,65,9,353.0,800.0
pose,n,8,320,320,fp16,1,1,4915200,3763200,13159856,3289964,10,21,38,73,0,68,10,65,9,320.0,710.0
pose,n,8,320,320,fp32,1,1,9830400,3763200,13159856,3289964,10,21,38,73,0,68,10,65,9,321.0,691.0
pose,n,8,320,320,int8,1,1,2457600,3763200,13159856,3289964,10,21,38,73,0,68,10,65,9,326.0,723.0
pose,n,8,480,480,fp16,1,1,11059200,3763200,13159856,3289964,10,21,38,73,0,68,10,65,9,340.0,824.0
pose,n,8,480,480,fp32,1,1,22118400,3763200,13159856,3289964,10,21,38,73,0,68,10,65,9,341.0,819.0
pose,n,8,480,480,int8,1,1,5529600,3763200,13159856,3289964,10,21,38,73,0,68,10,65,9,325.0,825.0
pose,n,8,640,640,fp16,1,1,19660800,3763200,13159856,3289964,10,21,38,73,0,68,10,65,9,349.5,833.0
pose,n,8,640,640,fp32,1,1,39321600,3763200,13159856,3289964,10,21,38,73,0,68,10,65,9,317.5,764.0
pose,n,8,640,640,int8,1,1,9830400,3763200,13159856,3289964,10,21,38,73,0,68,10,65,9,312.0,728.0
pose,s,1,320,320,fp16,1,1,614400,3763200,46462896,11615724,10,21,38,73,0,68,10,65,9,351.0,706.0
pose,s,1,320,320,fp32,1,1,1228800,3763200,46462896,11615724,10,21,38,73,0,68,10,65,9,390.0,718.0
pose,s,1,320,320,int8,1,1,307200,3763200,46462896,11615724,10,21,38,73,0,68,10,65,9,316.0,716.0
pose,s,1,480,480,fp16,1,1,1382400,3763200,46462896,11615724,10,21,38,73,0,68,10,65,9,368.0,706.0
pose,s,1,480,480,fp32,1,1,2764800,3763200,46462896,11615724,10,21,38,73,0,68,10,65,9,395.0,726.0
pose,s,1,480,480,int8,1,1,691200,3763200,46462896,11615724,10,21,38,73,0,68,10,65,9,365.0,724.0
pose,s,1,640,640,fp16,1,1,2457600,3763200,46462896,11615724,10,21,38,73,0,68,10,65,9,390.0,717.0
pose,s,1,640,640,int8,1,1,1228800,3763200,46462896,11615724,10,21,38,73,0,68,10,65,9,317.0,724.0
pose,s,2,320,320,fp16,1,1,1228800,3763200,46462896,11615724,10,21,38,73,0,68,10,65,9,360.0,712.0
pose,s,2,320,320,fp32,1,1,2457600,3763200,46462896,11615724,10,21,38,73,0,68,10,65,9,349.0,704.0
pose,s,2,320,320,int8,1,1,614400,3763200,46462896,11615724,10,21,38,73,0,68,10,65,9,378.0,728.0
pose,s,2,480,480,fp16,1,1,2764800,3763200,46462896,11615724,10,21,38,73,0,68,10,65,9,364.0,800.0
pose,s,2,480,480,fp32,1,1,5529600,3763200,46462896,11615724,10,21,38,73,0,68,10,65,9,357.0,725.0
pose,s,2,480,480,int8,1,1,1382400,3763200,46462896,11615724,10,21,38,73,0,68,10,65,9,361.0,721.0
pose,s,2,640,640,fp16,1,1,4915200,3763200,46462896,11615724,10,21,38,73,0,68,10,65,9,368.0,788.0
pose,s,2,640,640,int8,1,1,2457600,3763200,46462896,11615724,10,21,38,73,0,68,10,65,9,372.0,732.0
pose,s,4,320,320,fp16,1,1,2457600,3763200,46462896,11615724,10,21,38,73,0,68,10,65,9,352.0,799.0
pose,s,4,320,320,fp32,1,1,4915200,3763200,46462896,11615724,10,21,38,73,0,68,10,65,9,326.0,718.0
pose,s,4,320,320,int8,1,1,1228800,3763200,46462896,11615724,10,21,38,73,0,68,10,65,9,351.0,732.0
pose,s,4,480,480,fp16,1,1,5529600,3763200,46462896,11615724,10,21,38,73,0,68,10,65,9,401.0,837.0
pose,s,4,480,480,fp32,1,1,11059200,3763200,46462896,11615724,10,21,38,73,0,68,10,65,9,313.0,798.0
pose,s,4,480,480,int8,1,1,2764800,3763200,46462896,11615724,10,21,38,73,0,68,10,65,9,365.0,811.0
pose,s,4,640,640,fp16,1,1,9830400,3763200,46462896,11615724,10,21,38,73,0,68,10,65,9,348.0,721.0
pose,s,4,640,640,int8,1,1,4915200,3763200,46462896,11615724,10,21,38,73,0,68,10,65,9,360.0,816.0
pose,s,8,320,320,fp16,1,1,4915200,3763200,46462896,11615724,10,21,38,73,0,68,10,65,9,344.0,796.0
pose,s,8,320,320,fp32,1,1,9830400,3763200,46462896,11615724,10,21,38,73,0,68,10,65,9,342.0,803.0
pose,s,8,320,320,int8,1,1,2457600,3763200,46462896,11615724,10,21,38,73,0,68,10,65,9,332.0,793.0
pose,s,8,480,480,fp16,1,1,11059200,3763200,46462896,11615724,10,21,38,73,0,68,10,65,9,332.0,736.0
pose,s,8,480,480,fp32,1,1,22118400,3763200,46462896,11615724,10,21,38,73,0,68,10,65,9,375.0,826.0
pose,s,8,480,480,int8,1,1,5529600,3763200,46462896,11615724,10,21,38,73,0,68,10,65,9,376.0,813.0
pose,s,8,640,640,fp16,1,1,19660800,3763200,46462896,11615724,10,21,38,73,0,68,10,65,9,372.0,827.0
pose,s,8,640,640,int8,1,1,9830400,3763200,46462896,11615724,10,21,38,73,0,68,10,65,9,393.0,818.0
seg,n,1,320,320,fp16,1,2,614400,14348800,13617280,3404320,9,20,25,76,0,69,8,67,9,406.0,973.0
seg,n,1,320,320,fp32,1,2,1228800,14348800,13617280,3404320,9,20,25,76,0,69,8,67,9,402.0,865.0
seg,n,1,320,320,int8,1,2,307200,14348800,13617280,3404320,9,20,25,76,0,69,8,67,9,273.0,804.0
seg,n,1,480,480,fp16,1,2,1382400,14348800,13617280,3404320,9,20,25,76,0,69,8,67,9,515.0,1198.0
seg,n,1,480,480,fp32,1,2,2764800,14348800,13617280,3404320,9,20,25,76,0,69,8,67,9,475.0,1128.0
seg,n,1,480,480,int8,1,2,691200,14348800,13617280,3404320,9,20,25,76,0,69,8,67,9,486.0,1120.0
seg,n,1,640,640,fp16,1,2,2457600,14348800,13617280,3404320,9,20,25,76,0,69,8,67,9,637.5,1857.0
seg,n,1,640,640,fp32,1,2,4915200,14348800,13617280,3404320,9,20,25,76,0,69,8,67,9,564.5,1773.0
seg,n,1,640,640,int8,1,2,1228800,14348800,13617280,3404320,9,20,25,76,0,69,8,67,9,659.0,1914.0
seg,n,2,320,320,fp16,1,2,1228800,14348800,13617280,3404320,9,20,25,76,0,69,8,67,9,362.0,811.0
seg,n,2,320,320,fp32,1,2,2457600,14348800,13617280,3404320,9,20,25,76,0,69,8,67,9,386.0,799.0
seg,n,2,320,320,int8,1,2,614400,14348800,13617280,3404320,9,20,25,76,0,69,8,67,9,361.0,791.0
seg,n,2,480,480,fp16,1,2,2764800,14348800,13617280,3404320,9,20,25,76,0,69,8,67,9,452.0,1211.0
seg,n,2,480,480,fp32,1,2,5529600,14348800,13617280,3404320,9,20,25,76,0,69,8,67,9,434.0,1087.0
seg,n,2,480,480,int8,1,2,1382400,14348800,13617280,3404320,9,20,25,76,0,69,8,67,9,438.0,1142.0
seg,n,2,640,640,fp16,1,2,4915200,14348800,13617280,3404320,9,20,25,76,0,69,8,67,9,610.0,1924.0
seg,n,2,640,640,fp32,1,2,9830400,14348800,13617280,3404320,9,20,25,76,0,69,8,67,9,569.5,1785.0
seg,n,2,640,640,int8,1,2,2457600,14348800,13617280,3404320,9,20,25,76,0,69,8,67,9,646.0,1983.0
seg,n,4,320,320,fp16,1,2,2457600,14348800,13617280,3404320,9,20,25,76,0,69,8,67,9,380.0,823.0
seg,n,4,320,320,fp32,1,2,4915200,14348800,13617280,3404320,9,20,25,76,0,69,8,67,9,361.0,806.0
seg,n,4,320,320,int8,1,2,1228800,14348800,13617280,3404320,9,20,25,76,0,69,8,67,9,265.0,792.0
seg,n,4,480,480,fp16,1,2,5529600,14348800,13617280,3404320,9,20,25,76,0,69,8,67,9,460.0,1155.0
seg,n,4,480,480,fp32,1,2,11059200,14348800,13617280,3404320,9,20,25,76,0,69,8,67,9,497.0,1326.0
seg,n,4,480,480,int8,1,2,2764800,14348800,13617280,3404320,9,20,25,76,0,69,8,67,9,418.0,1187.0
seg,n,4,640,640,fp16,1,2,9830400,14348800,13617280,3404320,9,20,25,76,0,69,8,67,9,577.0,1988.0
seg,n,4,640,640,fp32,1,2,19660800,14348800,13617280,3404320,9,20,25,76,0,69,8,67,9,522.5,1875.0
seg,n,4,640,640,int8,1,2,4915200,14348800,13617280,3404320,9,20,25,76,0,69,8,67,9,586.0,1989.0
seg,n,8,320,320,fp16,1,2,4915200,14348800,13617280,3404320,9,20,25,76,0,69,8,67,9,406.0,950.0
seg,n,8,320,320,fp32,1,2,9830400,14348800,13617280,3404320,9,20,25,76,0,69,8,67,9,376.0,885.0
seg,n,8,320,320,int8,1,2,2457600,14348800,13617280,3404320,9,20,25,76,0,69,8,67,9,415.0,902.0
seg,n,8,480,480,fp16,1,2,11059200,14348800,13617280,3404320,9,20,25,76,0,69,8,67,9,470.0,1384.0
seg,n,8,480,480,fp32,1,2,22118400,14348800,13617280,3404320,9,20,25,76,0,69,8,67,9,452.0,1351.0
seg,n,8,480,480,int8,1,2,5529600,14348800,13617280,3404320,9,20,25,76,0,69,8,67,9,501.0,1367.0
seg,n,8,640,640,fp16,1,2,19660800,14348800,13617280,3404320,9,20,25,76,0,69,8,67,9,594.5,2166.0
seg,n,8,640,640,fp32,1,2,39321600,14348800,13617280,3404320,9,20,25,76,0,69,8,67,9,580.5,2105.0
seg,n,8,640,640,int8,1,2,9830400,14348800,13617280,3404320,9,20,25,76,0,69,8,67,9,609.0,2046.0
seg,s,1,320,320,fp16,1,2,614400,14348800,47242240,11810560,9,20,25,76,0,69,8,67,9,479.0,1039.0
seg,s,1,320,320,fp32,1,2,1228800,14348800,47242240,11810560,9,20,25,76,0,69,8,67,9,483.0,1044.0
seg,s,1,320,320,int8,1,2,307200,14348800,47242240,11810560,9,20,25,76,0,69,8,67,9,465.0,963.0
seg,s,1,480,480,fp16,1,2,1382400,14348800,47242240,11810560,9,20,25,76,0,69,8,67,9,560.0,1364.0
seg,s,1,480,480,fp32,1,2,2764800,14348800,47242240,11810560,9,20,25,76,0,69,8,67,9,508.0,1138.0
seg,s,1,480,480,int8,1,2,691200,14348800,47242240,11810560,9,20,25,76,0,69,8,67,9,508.0,1245.0
seg,s,1,640,640,fp16,1,2,2457600,14348800,47242240,11810560,9,20,25,76,0,69,8,67,9,744.0,2135.0
seg,s,1,640,640,fp32,1,2,4915200,14348800,47242240,11810560,9,20,25,76,0,69,8,67,9,618.5,1805.0
seg,s,1,640,640,int8,1,2,1228800,14348800,47242240,11810560,9,20,25,76,0,69,8,67,9,758.0,2221.0
seg,s,2,320,320,fp16,1,2,1228800,14348800,47242240,11810560,9,20,25,76,0,69,8,67,9,427.0,976.0
seg,s,2,320,320,fp32,1,2,2457600,14348800,47242240,11810560,9,20,25,76,0,69,8,67,9,414.0,967.0
seg,s,2,320,320,int8,1,2,614400,14348800,47242240,11810560,9,20,25,76,0,69,8,67,9,411.0,951.0
seg,s,2,480,480,fp16,1,2,2764800,14348800,47242240,11810560,9,20,25,76,0,69,8,67,9,521.0,1421.0
seg,s,2,480,480,fp32,1,2,5529600,14348800,47242240,11810560,9,20,25,76,0,69,8,67,9,460.0,1196.0
seg,s,2,480,480,int8,1,2,1382400,14348800,47242240,11810560,9,20,25,76,0,69,8,67,9,526.0,1346.0
seg,s,2,640,640,fp16,1,2,4915200,14348800,47242240,11810560,9,20,25,76,0,69,8,67,9,731.0,2226.0
seg,s,2,640,640,fp32,1,2,9830400,14348800,47242240,11810560,9,20,25,76,0,69,8,67,9,550.5,1747.0
seg,s,2,640,640,int8,1,2,2457600,14348800,47242240,11810560,9,20,25,76,0,69,8,67,9,774.0,2271.0
seg,s,4,320,320,fp16,1,2,2457600,14348800,47242240,11810560,9,20,25,76,0,69,8,67,9,438.0,1103.0
seg,s,4,320,320,fp32,1,2,4915200,14348800,47242240,11810560,9,20,25,76,0,69,8,67,9,410.0,1060.0
seg,s,4,320,320,int8,1,2,1228800,14348800,47242240,11810560,9,20,25,76,0,69,8,67,9,414.0,992.0
seg,s,4,480,480,fp16,1,2,5529600,14348800,47242240,11810560,9,20,25,76,0,69,8,67,9,481.0,1230.0
seg,s,4,480,480,fp32,1,2,11059200,14348800,47242240,11810560,9,20,25,76,0,69,8,67,9,492.0,1392.0
seg,s,4,480,480,int8,1,2,2764800,14348800,47242240,11810560,9,20,25,76,0,69,8,67,9,490.0,1380.0
seg,s,4,640,640,fp16,1,2,9830400,14348800,47242240,11810560,9,20,25,76,0,69,8,67,9,740.0,2330.0
seg,s,4,640,640,fp32,1,2,19660800,14348800,47242240,11810560,9,20,25,76,0,69,8,67,9,616.5,1933.0
seg,s,4,640,640,int8,1,2,4915200,14348800,47242240,11810560,9,20,25,76,0,69,8,67,9,662.0,2190.0
seg,s,8,320,320,fp16,1,2,4915200,14348800,47242240,11810560,9,20,25,76,0,69,8,67,9,415.0,962.0
seg,s,8,320,320,fp32,1,2,9830400,14348800,47242240,11810560,9,20,25,76,0,69,8,67,9,420.0,1049.0
seg,s,8,320,320,int8,1,2,2457600,14348800,47242240,11810560,9,20,25,76,0,69,8,67,9,408.0,942.0
seg,s,8,480,480,fp16,1,2,11059200,14348800,47242240,11810560,9,20,25,76,0,69,8,67,9,470.0,1306.0
seg,s,8,480,480,fp32,1,2,22118400,14348800,47242240,11810560,9,20,25,76,0,69,8,67,9,483.0,1490.0
seg,s,8,480,480,int8,1,2,5529600,14348800,47242240,11810560,9,20,25,76,0,69,8,67,9,491.0,1375.0
seg,s,8,640,640,fp16,1,2,19660800,14348800,47242240,11810560,9,20,25,76,0,69,8,67,9,669.0,2216.0
seg,s,8,640,640,fp32,1,2,39321600,14348800,47242240,11810560,9,20,25,76,0,69,8,67,9,650.5,2006.0
seg,s,8,640,640,int8,1,2,9830400,14348800,47242240,11810560,9,20,25,76,0,69,8,67,9,687.0,2195.0
seg,167952455,1,320,320,fp32,1,2,1228800,2457600,167901896,41975470,16,4,0,63,1,0,0,0,0,2268.5714285714284,2301.0
seg,167952455,1,320,320,fp32,1,2,1228800,2457600,167901896,41975470,16,4,0,63,1,0,0,0,0,2591.5,2619.0
seg,167952455,1,320,320,fp32,1,2,1228800,2457600,167901896,41975470,16,4,0,63,1,0,0,0,0,2595.5714285714284,2625.0
seg,167952455,1,320,320,fp32,1,2,1228800,2457600,167901896,41975470,16,4,0,63,1,0,0,0,0,2591.4285714285716,2619.0
seg,167952455,1,320,320,fp32,1,2,1228800,2457600,167901896,41975470,16,4,0,63,1,0,0,0,0,2584.9285714285716,2617.0
seg,167952455,1,320,320,fp32,1,2,1228800,2457600,167901896,41975470,16,4,0,63,1,0,0,0,0,2597.285714285714,2625.0
seg,167952455,1,320,320,fp32,1,2,1228800,2457600,167901896,41975470,16,4,0,63,1,0,0,0,0,2603.8571428571427,2631.0
seg,167952455,1,320,320,fp32,1,2,1228800,2457600,167901896,41975470,16,4,0,63,1,0,0,0,0,2587.1666666666665,2625.0
seg,167952455,1,320,320,fp32,1,2,1228800,2457600,167901896,41975470,16,4,0,63,1,0,0,0,0,2600.4285714285716,2626.0
seg,167952455,1,320,320,fp32,1,2,1228800,2457600,167901896,41975470,16,4,0,63,1,0,0,0,0,2604.0,2635.0
seg,167952455,1,320,320,fp32,1,2,1228800,2457600,167901896,41975470,16,4,0,63,1,0,0,0,0,2597.0714285714284,2625.0
seg,167952455,1,320,320,fp32,1,2,1228800,2457600,167901896,41975470,16,4,0,63,1,0,0,0,0,2600.6428571428573,2629.0
seg,167952455,1,320,320,fp32,1,2,1228800,2457600,167901896,41975470,16,4,0,63,1,0,0,0,0,2598.4285714285716,2626.0
seg,167952455,1,320,320,fp32,1,2,1228800,2457600,167901896,41975470,16,4,0,63,1,0,0,0,0,2594.214285714286,2622.0
seg,167952455,1,320,320,fp32,1,2,1228800,2457600,167901896,41975470,16,4,0,63,1,0,0,0,0,2594.285714285714,2628.0
seg,167952455,1,320,320,fp32,1,2,1228800,2457600,167901896,41975470,16,4,0,63,1,0,0,0,0,2599.9285714285716,2628.0
seg,167952455,1,320,320,fp32,1,2,1228800,2457600,167901896,41975470,16,4,0,63,1,0,0,0,0,2601.9285714285716,2631.0
seg,167952455,1,320,320,fp32,1,2,1228800,2457600,167901896,41975470,16,4,0,63,1,0,0,0,0,2591.4166666666665,2630.0
seg,167952455,1,320,320,fp32,1,2,1228800,2457600,167901896,41975470,16,4,0,63,1,0,0,0,0,2605.785714285714,2635.0
seg,167952455,1,320,320,fp32,1,2,1228800,2457600,167901896,41975470,16,4,0,63,1,0,0,0,0,2603.214285714286,2631.0
seg,167952455,1,320,320,fp32,1,2,1228800,2457600,167901896,41975470,16,4,0,63,1,0,0,0,0,2606.0,2635.0
seg,167952455,1,320,320,fp32,1,2,1228800,2457600,167901896,41975470,16,4,0,63,1,0,0,0,0,2602.9285714285716,2632.0
seg,167952455,1,320,320,fp32,1,2,1228800,2457600,167901896,41975470,16,4,0,63,1,0,0,0,0,2604.285714285714,2633.0
seg,167952455,1,320,320,fp32,1,2,1228800,2457600,167901896,41975470,16,4,0,63,1,0,0,0,0,2601.714285714286,2630.0
seg,167952455,1,320,320,fp32,1,2,1228800,2457600,167901896,41975470,16,4,0,63,1,0,0,0,0,2602.785714285714,2631.0
seg,167952455,1,320,320,fp32,1,2,1228800,2457600,167901896,41975470,16,4,0,63,1,0,0,0,0,2605.4285714285716,2634.0
seg,167952455,1,320,320,fp32,1,2,1228800,2457600,167901896,41975470,16,4,0,63,1,0,0,0,0,2602.9285714285716,2632.0
seg,167952455,1,320,320,fp32,1,2,1228800,2457600,167901896,41975470,16,4,0,63,1,0,0,0,0,2597.9285714285716,2626.0
seg,167952455,1,320,320,fp32,1,2,1228800,2457600,167901896,41975470,16,4,0,63,1,0,0,0,0,2600.3571428571427,2629.0
seg,167952455,1,320,320,fp32,1,2,1228800,2457600,167901896,41975470,16,4,0,63,1,0,0,0,0,2595.8571428571427,2623.0
seg,167952455,1,320,320,fp32,1,2,1228800,2457600,167901896,41975470,16,4,0,63,1,0,0,0,0,2595.1428571428573,2624.0
seg,167952455,1,320,320,fp16,1,2,614400,1228800,167901896,41975470,16,4,0,63,1,0,0,0,0,2515.1,2623.0
seg,167952455,1,320,320,fp16,1,2,614400,1228800,167901896,41975470,16,4,0,63,1,0,0,0,0,2580.923076923077,2624.0
seg,167952455,1,320,320,fp16,1,2,614400,1228800,167901896,41975470,16,4,0,63,1,0,0,0,0,2580.0,2629.0
seg,167952455,1,320,320,fp16,1,2,614400,1228800,167901896,41975470,16,4,0,63,1,0,0,0,0,2586.923076923077,2630.0
seg,167952455,1,320,320,fp16,1,2,614400,1228800,167901896,41975470,16,4,0,63,1,0,0,0,0,2588.6153846153848,2631.0
seg,167952455,1,320,320,fp16,1,2,614400,1228800,167901896,41975470,16,4,0,63,1,0,0,0,0,2590.6923076923076,2634.0
seg,167952455,1,320,320,fp16,1,2,614400,1228800,167901896,41975470,16,4,0,63,1,0,0,0,0,2592.0,2634.0
seg,167952455,1,320,320,fp16,1,2,614400,1228800,167901896,41975470,16,4,0,63,1,0,0,0,0,2590.5384615384614,2633.0
seg,167952455,1,320,320,fp16,1,2,614400,1228800,167901896,41975470,16,4,0,63,1,0,0,0,0,2569.4615384615386,2625.0
seg,167952455,1,320,320,fp16,1,2,614400,1228800,167901896,41975470,16,4,0,63,1,0,0,0,0,2568.6923076923076,2611.0
seg,167952455,1,320,320,fp16,1,2,614400,1228800,167901896,41975470,16,4,0,63,1,0,0,0,0,2584.6923076923076,2627.0
seg,167952455,1,320,320,fp16,1,2,614400,1228800,167901896,41975470,16,4,0,63,1,0,0,0,0,2585.076923076923,2627.0
seg,167952455,1,320,320,fp16,1,2,614400,1228800,167901896,41975470,16,4,0,63,1,0,0,0,0,2586.6153846153848,2629.0
seg,167952455,1,320,320,fp16,1,2,614400,1228800,167901896,41975470,16,4,0,63,1,0,0,0,0,2586.153846153846,2628.0
seg,167952455,1,320,320,fp16,1,2,614400,1228800,167901896,41975470,16,4,0,63,1,0,0,0,0,2586.3076923076924,2628.0
seg,167952455,1,320,320,fp16,1,2,614400,1228800,167901896,41975470,16,4,0,63,1,0,0,0,0,2579.846153846154,2621.0
seg,167952455,1,320,320,fp16,1,2,614400,1228800,167901896,41975470,16,4,0,63,1,0,0,0,0,2582.076923076923,2624.0
seg,167952455,1,320,320,fp16,1,2,614400,1228800,167901896,41975470,16,4,0,63,1,0,0,0,0,2577.769230769231,2619.0
seg,167952455,1,320,320,fp16,1,2,614400,1228800,167901896,41975470,16,4,0,63,1,0,0,0,0,2578.5,2624.0
seg,167952455,1,320,320,fp16,1,2,614400,1228800,167901896,41975470,16,4,0,63,1,0,0,0,0,2580.0,2621.0
seg,167952455,1,320,320,fp16,1,2,614400,1228800,167901896,41975470,16,4,0,63,1,0,0,0,0,2580.769230769231,2622.0
seg,167952455,1,320,320,fp16,1,2,614400,1228800,167901896,41975470,16,4,0,63,1,0,0,0,0,2578.6923076923076,2620.0
seg,167952455,1,320,320,fp16,1,2,614400,1228800,167901896,41975470,16,4,0,63,1,0,0,0,0,2585.3846153846152,2628.0
seg,167952455,1,320,320,fp16,1,2,614400,1228800,167901896,41975470,16,4,0,63,1,0,0,0,0,2582.3076923076924,2624.0
seg,167952455,1,320,320,fp16,1,2,614400,1228800,167901896,41975470,16,4,0,63,1,0,0,0,0,2587.6923076923076,2629.0
seg,167952455,1,320,320,fp16,1,2,614400,1228800,167901896,41975470,16,4,0,63,1,0,0,0,0,2589.076923076923,2631.0
seg,167952455,1,320,320,fp16,1,2,614400,1228800,167901896,41975470,16,4,0,63,1,0,0,0,0,2586.3076923076924,2627.0
seg,167952455,1,320,320,fp16,1,2,614400,1228800,167901896,41975470,16,4,0,63,1,0,0,0,0,2611.3333333333335,2637.0
seg,167952455,1,320,320,fp16,1,2,614400,1228800,167901896,41975470,16,4,0,63,1,0,0,0,0,2600.9166666666665,2626.0
seg,167952455,1,320,320,fp16,1,2,614400,1228800,167901896,41975470,16,4,0,63,1,0,0,0,0,2586.076923076923,2628.0
seg,167952455,1,320,320,fp16,1,2,614400,1228800,167901896,41975470,16,4,0,63,1,0,0,0,0,2449.923076923077,2492.0
cls,21144205,1,320,320,fp32,1,1,602112,4000,21070160,5267540,9,0,0,81,17,65,0,65,0,2520.4166666666665,2536.0
cls,21144205,1,320,320,fp32,1,1,602112,4000,21070160,5267540,9,0,0,81,17,65,0,65,0,2529.0833333333335,2545.0
cls,21144205,1,320,320,fp32,1,1,602112,4000,21070160,5267540,9,0,0,81,17,65,0,65,0,2532.8333333333335,2546.0
cls,21144205,1,320,320,fp32,1,1,602112,4000,21070160,5267540,9,0,0,81,17,65,0,65,0,2536.75,2552.0
cls,21144205,1,320,320,fp32,1,1,602112,4000,21070160,5267540,9,0,0,81,17,65,0,65,0,2530.0,2546.0
cls,21144205,1,320,320,fp32,1,1,602112,4000,21070160,5267540,9,0,0,81,17,65,0,65,0,2532.0833333333335,2551.0
cls,21144205,1,320,320,fp32,1,1,602112,4000,21070160,5267540,9,0,0,81,17,65,0,65,0,2534.9166666666665,2551.0
cls,21144205,1,320,320,fp32,1,1,602112,4000,21070160,5267540,9,0,0,81,17,65,0,65,0,2535.1666666666665,2551.0
cls,21144205,1,320,320,fp32,1,1,602112,4000,21070160,5267540,9,0,0,81,17,65,0,65,0,2536.0833333333335,2552.0
cls,21144205,1,320,320,fp32,1,1,602112,4000,21070160,5267540,9,0,0,81,17,65,0,65,0,2538.6666666666665,2554.0
cls,21144205,1,320,320,fp32,1,1,602112,4000,21070160,5267540,9,0,0,81,17,65,0,65,0,2540.75,2556.0
cls,21144205,1,320,320,fp32,1,1,602112,4000,21070160,5267540,9,0,0,81,17,65,0,65,0,2542.5833333333335,2558.0
cls,21144205,1,320,320,fp32,1,1,602112,4000,21070160,5267540,9,0,0,81,17,65,0,65,0,2537.75,2553.0
cls,21144205,1,320,320,fp32,1,1,602112,4000,21070160,5267540,9,0,0,81,17,65,0,65,0,2544.6666666666665,2561.0
cls,21144205,1,320,320,fp32,1,1,602112,4000,21070160,5267540,9,0,0,81,17,65,0,65,0,2538.3333333333335,2554.0
cls,21144205,1,320,320,fp32,1,1,602112,4000,21070160,5267540,9,0,0,81,17,65,0,65,0,2545.5,2562.0
cls,21144205,1,320,320,fp32,1,1,602112,4000,21070160,5267540,9,0,0,81,17,65,0,65,0,2543.0,2559.0
cls,21144205,1,320,320,fp32,1,1,602112,4000,21070160,5267540,9,0,0,81,17,65,0,65,0,2545.75,2561.0
cls,21144205,1,320,320,fp32,1,1,602112,4000,21070160,5267540,9,0,0,81,17,65,0,65,0,2544.5833333333335,2562.0
cls,21144205,1,320,320,fp32,1,1,602112,4000,21070160,5267540,9,0,0,81,17,65,0,65,0,2550.75,2564.0
cls,21144205,1,320,320,fp32,1,1,602112,4000,21070160,5267540,9,0,0,81,17,65,0,65,0,2546.6666666666665,2563.0
cls,21144205,1,320,320,fp32,1,1,602112,4000,21070160,5267540,9,0,0,81,17,65,0,65,0,2538.75,2557.0
cls,21144205,1,320,320,fp32,1,1,602112,4000,21070160,5267540,9,0,0,81,17,65,0,65,0,2545.5,2562.0
cls,21144205,1,320,320,fp32,1,1,602112,4000,21070160,5267540,9,0,0,81,17,65,0,65,0,2541.0,2556.0
cls,21144205,1,320,320,fp32,1,1,602112,4000,21070160,5267540,9,0,0,81,17,65,0,65,0,2541.75,2558.0
cls,21144205,1,320,320,fp32,1,1,602112,4000,21070160,5267540,9,0,0,81,17,65,0,65,0,2532.5,2559.0
cls,21144205,1,320,320,fp32,1,1,602112,4000,21070160,5267540,9,0,0,81,17,65,0,65,0,2546.5833333333335,2560.0
cls,21144205,1,320,320,fp32,1,1,602112,4000,21070160,5267540,9,0,0,81,17,65,0,65,0,2544.6666666666665,2560.0
cls,21144205,1,320,320,fp32,1,1,602112,4000,21070160,5267540,9,0,0,81,17,65,0,65,0,2545.5,2562.0
cls,21144205,1,320,320,fp32,1,1,602112,4000,21070160,5267540,9,0,0,81,17,65,0,65,0,2546.6666666666665,2561.0
cls,21144205,1,320,320,fp32,1,1,602112,4000,21070160,5267540,9,0,0,81,17,65,0,65,0,2543.6666666666665,2560.0
cls,21144205,1,320,320,fp16,1,1,301056,2000,21070160,5267540,9,0,0,81,17,65,0,65,0,2498.769230769231,2533.0
cls,21144205,1,320,320,fp16,1,1,301056,2000,21070160,5267540,9,0,0,81,17,65,0,65,0,2518.0833333333335,2544.0
cls,21144205,1,320,320,fp16,1,1,301056,2000,21070160,5267540,9,0,0,81,17,65,0,65,0,2515.909090909091,2545.0
cls,21144205,1,320,320,fp16,1,1,301056,2000,21070160,5267540,9,0,0,81,17,65,0,65,0,2517.5833333333335,2546.0
cls,21144205,1,320,320,fp16,1,1,301056,2000,21070160,5267540,9,0,0,81,17,65,0,65,0,2523.25,2549.0
cls,21144205,1,320,320,fp16,1,1,301056,2000,21070160,5267540,9,0,0,81,17,65,0,65,0,2518.9166666666665,2546.0
cls,21144205,1,320,320,fp16,1,1,301056,2000,21070160,5267540,9,0,0,81,17,65,0,65,0,2517.9166666666665,2545.0
cls,21144205,1,320,320,fp16,1,1,301056,2000,21070160,5267540,9,0,0,81,17,65,0,65,0,2518.4166666666665,2545.0
cls,21144205,1,320,320,fp16,1,1,301056,2000,21070160,5267540,9,0,0,81,17,65,0,65,0,2516.1666666666665,2545.0
cls,21144205,1,320,320,fp16,1,1,301056,2000,21070160,5267540,9,0,0,81,17,65,0,65,0,2520.25,2548.0
cls,21144205,1,320,320,fp16,1,1,301056,2000,21070160,5267540,9,0,0,81,17,65,0,65,0,2519.8333333333335,2551.0
cls,21144205,1,320,320,fp16,1,1,301056,2000,21070160,5267540,9,0,0,81,17,65,0,65,0,2521.9166666666665,2548.0
cls,21144205,1,320,320,fp16,1,1,301056,2000,21070160,5267540,9,0,0,81,17,65,0,65,0,2527.1666666666665,2550.0
cls,21144205,1,320,320,fp16,1,1,301056,2000,21070160,5267540,9,0,0,81,17,65,0,65,0,2530.0,2556.0
cls,21144205,1,320,320,fp16,1,1,301056,2000,21070160,5267540,9,0,0,81,17,65,0,65,0,2533.5,2557.0
cls,21144205,1,320,320,fp16,1,1,301056,2000,21070160,5267540,9,0,0,81,17,65,0,65,0,2531.0833333333335,2557.0
cls,21144205,1,320,320,fp16,1,1,301056,2000,21070160,5267540,9,0,0,81,17,65,0,65,0,2531.25,2555.0
cls,21144205,1,320,320,fp16,1,1,301056,2000,21070160,5267540,9,0,0,81,17,65,0,65,0,2528.5,2554.0
cls,21144205,1,320,320,fp16,1,1,301056,2000,21070160,5267540,9,0,0,81,17,65,0,65,0,2528.1666666666665,2552.0
cls,21144205,1,320,320,fp16,1,1,301056,2000,21070160,5267540,9,0,0,81,17,65,0,65,0,2534.0833333333335,2559.0
cls,21144205,1,320,320,fp16,1,1,301056,2000,21070160,5267540,9,0,0,81,17,65,0,65,0,2528.75,2552.0
cls,21144205,1,320,320,fp16,1,1,301056,2000,21070160,5267540,9,0,0,81,17,65,0,65,0,2527.4166666666665,2552.0
cls,21144205,1,320,320,fp16,1,1,301056,2000,21070160,5267540,9,0,0,81,17,65,0,65,0,2529.0,2553.0
cls,21144205,1,320,320,fp16,1,1,301056,2000,21070160,5267540,9,0,0,81,17,65,0,65,0,2529.4166666666665,2555.0
cls,21144205,1,320,320,fp16,1,1,301056,2000,21070160,5267540,9,0,0,81,17,65,0,65,0,2527.6666666666665,2550.0
cls,21144205,1,320,320,fp16,1,1,301056,2000,21070160,5267540,9,0,0,81,17,65,0,65,0,2528.3333333333335,2552.0
cls,21144205,1,320,320,fp16,1,1,301056,2000,21070160,5267540,9,0,0,81,17,65,0,65,0,2238.25,2262.0
cls,21144205,1,320,320,fp16,1,1,301056,2000,21070160,5267540,9,0,0,81,17,65,0,65,0,2402.5,2428.0
cls,21144205,1,320,320,fp16,1,1,301056,2000,21070160,5267540,9,0,0,81,17,65,0,65,0,2406.4166666666665,2430.0
cls,21144205,1,320,320,fp16,1,1,301056,2000,21070160,5267540,9,0,0,81,17,65,0,65,0,2402.1666666666665,2426.0
cls,21144205,1,320,320,fp16,1,1,301056,2000,21070160,5267540,9,0,0,81,17,65,0,65,0,2400.8333333333335,2424.0
cls,102146384,1,320,320,fp32,1,1,602112,4000,102121888,25530472,16,0,0,53,1,0,0,0,0,2435.9285714285716,2470.0
cls,102146384,1,320,320,fp32,1,1,602112,4000,102121888,25530472,16,0,0,53,1,0,0,0,0,2475.1666666666665,2495.0
cls,102146384,1,320,320,fp32,1,1,602112,4000,102121888,25530472,16,0,0,53,1,0,0,0,0,2476.1666666666665,2501.0
cls,102146384,1,320,320,fp32,1,1,602112,4000,102121888,25530472,16,0,0,53,1,0,0,0,0,2476.3333333333335,2499.0
cls,102146384,1,320,320,fp32,1,1,602112,4000,102121888,25530472,16,0,0,53,1,0,0,0,0,2478.8333333333335,2499.0
cls,102146384,1,320,320,fp32,1,1,602112,4000,102121888,25530472,16,0,0,53,1,0,0,0,0,2478.3333333333335,2499.0
cls,102146384,1,320,320,fp32,1,1,602112,4000,102121888,25530472,16,0,0,53,1,0,0,0,0,2478.75,2502.0
cls,102146384,1,320,320,fp32,1,1,602112,4000,102121888,25530472,16,0,0,53,1,0,0,0,0,2473.9166666666665,2494.0
cls,102146384,1,320,320,fp32,1,1,602112,4000,102121888,25530472,16,0,0,53,1,0,0,0,0,2471.75,2497.0
cls,102146384,1,320,320,fp32,1,1,602112,4000,102121888,25530472,16,0,0,53,1,0,0,0,0,2477.75,2498.0
cls,102146384,1,320,320,fp32,1,1,602112,4000,102121888,25530472,16,0,0,53,1,0,0,0,0,2476.5833333333335,2497.0
cls,102146384,1,320,320,fp32,1,1,602112,4000,102121888,25530472,16,0,0,53,1,0,0,0,0,2476.6666666666665,2501.0
cls,102146384,1,320,320,fp32,1,1,602112,4000,102121888,25530472,16,0,0,53,1,0,0,0,0,2471.5,2494.0
cls,102146384,1,320,320,fp32,1,1,602112,4000,102121888,25530472,16,0,0,53,1,0,0,0,0,2482.6666666666665,2497.0
cls,102146384,1,320,320,fp32,1,1,602112,4000,102121888,25530472,16,0,0,53,1,0,0,0,0,2477.5833333333335,2498.0
cls,102146384,1,320,320,fp32,1,1,602112,4000,102121888,25530472,16,0,0,53,1,0,0,0,0,2482.3333333333335,2503.0
cls,102146384,1,320,320,fp32,1,1,602112,4000,102121888,25530472,16,0,0,53,1,0,0,0,0,2479.1666666666665,2499.0
cls,102146384,1,320,320,fp32,1,1,602112,4000,102121888,25530472,16,0,0,53,1,0,0,0,0,2474.3333333333335,2495.0
cls,102146384,1,320,320,fp32,1,1,602112,4000,102121888,25530472,16,0,0,53,1,0,0,0,0,2474.846153846154,2499.0
cls,102146384,1,320,320,fp32,1,1,602112,4000,102121888,25530472,16,0,0,53,1,0,0,0,0,2478.8333333333335,2500.0
cls,102146384,1,320,320,fp32,1,1,602112,4000,102121888,25530472,16,0,0,53,1,0,0,0,0,2476.5,2497.0
cls,102146384,1,320,320,fp32,1,1,602112,4000,102121888,25530472,16,0,0,53,1,0,0,0,0,2476.5,2497.0
cls,102146384,1,320,320,fp32,1,1,602112,4000,102121888,25530472,16,0,0,53,1,0,0,0,0,2477.5,2498.0
cls,102146384,1,320,320,fp32,1,1,602112,4000,102121888,25530472,16,0,0,53,1,0,0,0,0,2474.5,2496.0
cls,102146384,1,320,320,fp32,1,1,602112,4000,102121888,25530472,16,0,0,53,1,0,0,0,0,2474.4166666666665,2495.0
cls,102146384,1,320,320,fp32,1,1,602112,4000,102121888,25530472,16,0,0,53,1,0,0,0,0,2476.3333333333335,2500.0
cls,102146384,1,320,320,fp32,1,1,602112,4000,102121888,25530472,16,0,0,53,1,0,0,0,0,2470.75,2491.0
cls,102146384,1,320,320,fp32,1,1,602112,4000,102121888,25530472,16,0,0,53,1,0,0,0,0,2478.3333333333335,2499.0
cls,102146384,1,320,320,fp32,1,1,602112,4000,102121888,25530472,16,0,0,53,1,0,0,0,0,2473.6666666666665,2494.0
cls,102146384,1,320,320,fp32,1,1,602112,4000,102121888,25530472,16,0,0,53,1,0,0,0,0,2472.5833333333335,2493.0
cls,102146384,1,320,320,fp32,1,1,602112,4000,102121888,25530472,16,0,0,53,1,0,0,0,0,2473.8333333333335,2495.0
cls,102146384,1,320,320,fp16,1,1,301056,2000,102121888,25530472,16,0,0,53,1,0,0,0,0,2220.5,2350.0
cls,102146384,1,320,320,fp16,1,1,301056,2000,102121888,25530472,16,0,0,53,1,0,0,0,0,2307.0,2354.0
cls,102146384,1,320,320,fp16,1,1,301056,2000,102121888,25530472,16,0,0,53,1,0,0,0,0,2329.75,2365.0
cls,102146384,1,320,320,fp16,1,1,301056,2000,102121888,25530472,16,0,0,53,1,0,0,0,0,2327.4166666666665,2363.0
cls,102146384,1,320,320,fp16,1,1,301056,2000,102121888,25530472,16,0,0,53,1,0,0,0,0,2332.9166666666665,2368.0
cls,102146384,1,320,320,fp16,1,1,301056,2000,102121888,25530472,16,0,0,53,1,0,0,0,0,2324.5,2371.0
cls,102146384,1,320,320,fp16,1,1,301056,2000,102121888,25530472,16,0,0,53,1,0,0,0,0,2324.0,2362.0
cls,102146384,1,320,320,fp16,1,1,301056,2000,102121888,25530472,16,0,0,53,1,0,0,0,0,2326.9166666666665,2364.0
cls,102146384,1,320,320,fp16,1,1,301056,2000,102121888,25530472,16,0,0,53,1,0,0,0,0,2326.8333333333335,2362.0
cls,102146384,1,320,320,fp16,1,1,301056,2000,102121888,25530472,16,0,0,53,1,0,0,0,0,2333.25,2369.0
cls,102146384,1,320,320,fp16,1,1,301056,2000,102121888,25530472,16,0,0,53,1,0,0,0,0,2325.8333333333335,2365.0
cls,102146384,1,320,320,fp16,1,1,301056,2000,102121888,25530472,16,0,0,53,1,0,0,0,0,2328.5,2366.0
cls,102146384,1,320,320,fp16,1,1,301056,2000,102121888,25530472,16,0,0,53,1,0,0,0,0,2327.5833333333335,2365.0
cls,102146384,1,320,320,fp16,1,1,301056,2000,102121888,25530472,16,0,0,53,1,0,0,0,0,2325.4166666666665,2362.0
cls,102146384,1,320,320,fp16,1,1,301056,2000,102121888,25530472,16,0,0,53,1,0,0,0,0,2325.3333333333335,2361.0
cls,102146384,1,320,320,fp16,1,1,301056,2000,102121888,25530472,16,0,0,53,1,0,0,0,0,2325.5,2361.0
cls,102146384,1,320,320,fp16,1,1,301056,2000,102121888,25530472,16,0,0,53,1,0,0,0,0,2322.6666666666665,2359.0
cls,102146384,1,320,320,fp16,1,1,301056,2000,102121888,25530472,16,0,0,53,1,0,0,0,0,2321.0833333333335,2358.0
cls,102146384,1,320,320,fp16,1,1,301056,2000,102121888,25530472,16,0,0,53,1,0,0,0,0,2328.1666666666665,2362.0
cls,102146384,1,320,320,fp16,1,1,301056,2000,102121888,25530472,16,0,0,53,1,0,0,0,0,2329.6666666666665,2366.0
cls,102146384,1,320,320,fp16,1,1,301056,2000,102121888,25530472,16,0,0,53,1,0,0,0,0,2336.1666666666665,2370.0
cls,102146384,1,320,320,fp16,1,1,301056,2000,102121888,25530472,16,0,0,53,1,0,0,0,0,2338.25,2374.0
cls,102146384,1,320,320,fp16,1,1,301056,2000,102121888,25530472,16,0,0,53,1,0,0,0,0,2341.25,2376.0
cls,102146384,1,320,320,fp16,1,1,301056,2000,102121888,25530472,16,0,0,53,1,0,0,0,0,2339.5833333333335,2376.0
cls,102146384,1,320,320,fp16,1,1,301056,2000,102121888,25530472,16,0,0,53,1,0,0,0,0,2338.5,2375.0
cls,102146384,1,320,320,fp16,1,1,301056,2000,102121888,25530472,16,0,0,53,1,0,0,0,0,2333.4166666666665,2369.0
cls,102146384,1,320,320,fp16,1,1,301056,2000,102121888,25530472,16,0,0,53,1,0,0,0,0,2337.5,2373.0
cls,102146384,1,320,320,fp16,1,1,301056,2000,102121888,25530472,16,0,0,53,1,0,0,0,0,2337.0,2373.0
cls,102146384,1,320,320,fp16,1,1,301056,2000,102121888,25530472,16,0,0,53,1,0,0,0,0,2329.9166666666665,2367.0
cls,102146384,1,320,320,fp16,1,1,301056,2000,102121888,25530472,16,0,0,53,1,0,0,0,0,2133.8333333333335,2169.0
cls,102146384,1,320,320,fp16,1,1,301056,2000,102121888,25530472,16,0,0,53,1,0,0,0,0,2313.9166666666665,2350.0
cls,346406828,1,320,320,fp32,1,1,602112,4000,346270624,86567656,85,27,263,1,0,49,26,0,12,2308.590909090909,2388.0
cls,346406828,1,320,320,fp32,1,1,602112,4000,346270624,86567656,85,27,263,1,0,49,26,0,12,2330.5625,2387.0
cls,346406828,1,320,320,fp32,1,1,602112,4000,346270624,86567656,85,27,263,1,0,49,26,0,12,2334.1875,2390.0
cls,346406828,1,320,320,fp32,1,1,602112,4000,346270624,86567656,85,27,263,1,0,49,26,0,12,2341.6875,2398.0
cls,346406828,1,320,320,fp32,1,1,602112,4000,346270624,86567656,85,27,263,1,0,49,26,0,12,2334.25,2388.0
cls,346406828,1,320,320,fp32,1,1,602112,4000,346270624,86567656,85,27,263,1,0,49,26,0,12,2335.8125,2393.0
cls,346406828,1,320,320,fp32,1,1,602112,4000,346270624,86567656,85,27,263,1,0,49,26,0,12,2299.8,2386.0
cls,346406828,1,320,320,fp32,1,1,602112,4000,346270624,86567656,85,27,263,1,0,49,26,0,12,2335.5625,2392.0
cls,346406828,1,320,320,fp32,1,1,602112,4000,346270624,86567656,85,27,263,1,0,49,26,0,12,2331.5625,2387.0
cls,346406828,1,320,320,fp32,1,1,602112,4000,346270624,86567656,85,27,263,1,0,49,26,0,12,2337.5,2396.0
cls,346406828,1,320,320,fp32,1,1,602112,4000,346270624,86567656,85,27,263,1,0,49,26,0,12,2328.4,2387.0
cls,346406828,1,320,320,fp32,1,1,602112,4000,346270624,86567656,85,27,263,1,0,49,26,0,12,2330.5,2389.0
cls,346406828,1,320,320,fp32,1,1,602112,4000,346270624,86567656,85,27,263,1,0,49,26,0,12,2323.230769230769,2395.0
cls,346406828,1,320,320,fp32,1,1,602112,4000,346270624,86567656,85,27,263,1,0,49,26,0,12,2335.9375,2393.0
cls,346406828,1,320,320,fp32,1,1,602112,4000,346270624,86567656,85,27,263,1,0,49,26,0,12,2337.875,2393.0
cls,346406828,1,320,320,fp32,1,1,602112,4000,346270624,86567656,85,27,263,1,0,49,26,0,12,2344.5625,2401.0
cls,346406828,1,320,320,fp32,1,1,602112,4000,346270624,86567656,85,27,263,1,0,49,26,0,12,2339.875,2393.0
cls,346406828,1,320,320,fp32,1,1,602112,4000,346270624,86567656,85,27,263,1,0,49,26,0,12,2336.25,2390.0
cls,346406828,1,320,320,fp32,1,1,602112,4000,346270624,86567656,85,27,263,1,0,49,26,0,12,2341.3125,2399.0
cls,346406828,1,320,320,fp32,1,1,602112,4000,346270624,86567656,85,27,263,1,0,49,26,0,12,2344.0625,2399.0
cls,346406828,1,320,320,fp32,1,1,602112,4000,346270624,86567656,85,27,263,1,0,49,26,0,12,2336.9375,2392.0
cls,346406828,1,320,320,fp32,1,1,602112,4000,346270624,86567656,85,27,263,1,0,49,26,0,12,2324.6153846153848,2397.0
cls,346406828,1,320,320,fp32,1,1,602112,4000,346270624,86567656,85,27,263,1,0,49,26,0,12,2336.75,2393.0
cls,346406828,1,320,320,fp32,1,1,602112,4000,346270624,86567656,85,27,263,1,0,49,26,0,12,2331.8125,2389.0
cls,346406828,1,320,320,fp32,1,1,602112,4000,346270624,86567656,85,27,263,1,0,49,26,0,12,2330.125,2388.0
cls,346406828,1,320,320,fp32,1,1,602112,4000,346270624,86567656,85,27,263,1,0,49,26,0,12,2332.1875,2390.0
cls,346406828,1,320,320,fp32,1,1,602112,4000,346270624,86567656,85,27,263,1,0,49,26,0,12,2335.4375,2391.0
cls,346406828,1,320,320,fp32,1,1,602112,4000,346270624,86567656,85,27,263,1,0,49,26,0,12,2332.4375,2391.0
cls,346406828,1,320,320,fp32,1,1,602112,4000,346270624,86567656,85,27,263,1,0,49,26,0,12,2337.8125,2393.0
cls,346406828,1,320,320,fp32,1,1,602112,4000,346270624,86567656,85,27,263,1,0,49,26,0,12,2335.25,2393.0
cls,346406828,1,320,320,fp32,1,1,602112,4000,346270624,86567656,85,27,263,1,0,49,26,0,12,2310.0,2395.0
cls,346406828,1,320,320,fp16,1,1,301056,2000,346270624,86567656,85,27,263,1,0,49,26,0,12,2172.8571428571427,2281.0
cls,346406828,1,320,320,fp16,1,1,301056,2000,346270624,86567656,85,27,263,1,0,49,26,0,12,2256.214285714286,2286.0
cls,346406828,1,320,320,fp16,1,1,301056,2000,346270624,86567656,85,27,263,1,0,49,26,0,12,2249.0714285714284,2279.0
cls,346406828,1,320,320,fp16,1,1,301056,2000,346270624,86567656,85,27,263,1,0,49,26,0,12,2257.6428571428573,2288.0
cls,346406828,1,320,320,fp16,1,1,301056,2000,346270624,86567656,85,27,263,1,0,49,26,0,12,2257.4666666666667,2290.0
cls,346406828,1,320,320,fp16,1,1,301056,2000,346270624,86567656,85,27,263,1,0,49,26,0,12,2246.5,2287.0
cls,346406828,1,320,320,fp16,1,1,301056,2000,346270624,86567656,85,27,263,1,0,49,26,0,12,2255.1428571428573,2286.0
cls,346406828,1,320,320,fp16,1,1,301056,2000,346270624,86567656,85,27,263,1,0,49,26,0,12,2253.5,2284.0
cls,346406828,1,320,320,fp16,1,1,301056,2000,346270624,86567656,85,27,263,1,0,49,26,0,12,2256.0,2286.0
cls,346406828,1,320,320,fp16,1,1,301056,2000,346270624,86567656,85,27,263,1,0,49,26,0,12,2260.0,2296.0
cls,346406828,1,320,320,fp16,1,1,301056,2000,346270624,86567656,85,27,263,1,0,49,26,0,12,2251.6666666666665,2291.0
cls,346406828,1,320,320,fp16,1,1,301056,2000,346270624,86567656,85,27,263,1,0,49,26,0,12,2240.285714285714,2274.0
cls,346406828,1,320,320,fp16,1,1,301056,2000,346270624,86567656,85,27,263,1,0,49,26,0,12,2234.3571428571427,2268.0
cls,346406828,1,320,320,fp16,1,1,301056,2000,346270624,86567656,85,27,263,1,0,49,26,0,12,2239.6428571428573,2271.0
cls,346406828,1,320,320,fp16,1,1,301056,2000,346270624,86567656,85,27,263,1,0,49,26,0,12,2241.0,2273.0
cls,346406828,1,320,320,fp16,1,1,301056,2000,346270624,86567656,85,27,263,1,0,49,26,0,12,2245.4285714285716,2278.0
cls,346406828,1,320,320,fp16,1,1,301056,2000,346270624,86567656,85,27,263,1,0,49,26,0,12,1920.4285714285713,1951.0
cls,346406828,1,320,320,fp16,1,1,301056,2000,346270624,86567656,85,27,263,1,0,49,26,0,12,2255.3571428571427,2289.0
cls,346406828,1,320,320,fp16,1,1,301056,2000,346270624,86567656,85,27,263,1,0,49,26,0,12,2251.6428571428573,2284.0
cls,346406828,1,320,320,fp16,1,1,301056,2000,346270624,86567656,85,27,263,1,0,49,26,0,12,2260.4285714285716,2291.0
cls,346406828,1,320,320,fp16,1,1,301056,2000,346270624,86567656,85,27,263,1,0,49,26,0,12,2257.3571428571427,2290.0
cls,346406828,1,320,320,fp16,1,1,301056,2000,346270624,86567656,85,27,263,1,0,49,26,0,12,2256.8571428571427,2290.0
cls,346406828,1,320,320,fp16,1,1,301056,2000,346270624,86567656,85,27,263,1,0,49,26,0,12,2267.0714285714284,2297.0
cls,346406828,1,320,320,fp16,1,1,301056,2000,346270624,86567656,85,27,263,1,0,49,26,0,12,2263.3571428571427,2297.0
cls,346406828,1,320,320,fp16,1,1,301056,2000,346270624,86567656,85,27,263,1,0,49,26,0,12,2260.285714285714,2293.0
cls,346406828,1,320,320,fp16,1,1,301056,2000,346270624,86567656,85,27,263,1,0,49,26,0,12,2264.5714285714284,2298.0
cls,346406828,1,320,320,fp16,1,1,301056,2000,346270624,86567656,85,27,263,1,0,49,26,0,12,2261.9285714285716,2295.0
cls,346406828,1,320,320,fp16,1,1,301056,2000,346270624,86567656,85,27,263,1,0,49,26,0,12,2266.3571428571427,2301.0
cls,346406828,1,320,320,fp16,1,1,301056,2000,346270624,86567656,85,27,263,1,0,49,26,0,12,2270.5,2304.0
cls,346406828,1,320,320,fp16,1,1,301056,2000,346270624,86567656,85,27,263,1,0,49,26,0,12,2263.0,2297.0
cls,346406828,1,320,320,fp16,1,1,301056,2000,346270624,86567656,85,27,263,1,0,49,26,0,12,2262.714285714286,2296.0
det,167472403,1,320,320,fp32,1,3,1228800,24,167235128,41808636,105,59,0,76,0,103,75,1,5,2693.8333333333335,2735.0
det,167472403,1,320,320,fp32,1,3,1228800,24,167235128,41808636,105,59,0,76,0,103,75,1,5,2735.0,2735.0
det,167472403,1,320,320,fp32,1,3,1228800,24,167235128,41808636,105,59,0,76,0,103,75,1,5,2735.0,2735.0
det,167472403,1,320,320,fp32,1,3,1228800,24,167235128,41808636,105,59,0,76,0,103,75,1,5,2735.0,2735.0
det,167472403,1,320,320,fp32,1,3,1228800,24,167235128,41808636,105,59,0,76,0,103,75,1,5,2735.0,2735.0
det,167472403,1,320,320,fp32,1,3,1228800,24,167235128,41808636,105,59,0,76,0,103,75,1,5,2735.0,2735.0
det,167472403,1,320,320,fp32,1,3,1228800,24,167235128,41808636,105,59,0,76,0,103,75,1,5,2735.0,2735.0
det,167472403,1,320,320,fp32,1,3,1228800,24,167235128,41808636,105,59,0,76,0,103,75,1,5,2736.0,2736.0
det,167472403,1,320,320,fp32,1,3,1228800,24,167235128,41808636,105,59,0,76,0,103,75,1,5,2736.0,2736.0
det,167472403,1,320,320,fp32,1,3,1228800,24,167235128,41808636,105,59,0,76,0,103,75,1,5,2736.0,2736.0
det,167472403,1,320,320,fp32,1,3,1228800,24,167235128,41808636,105,59,0,76,0,103,75,1,5,2736.0,2736.0
det,167472403,1,320,320,fp32,1,3,1228800,24,167235128,41808636,105,59,0,76,0,103,75,1,5,2736.0,2736.0
det,167472403,1,320,320,fp32,1,3,1228800,24,167235128,41808636,105,59,0,76,0,103,75,1,5,2736.0,2736.0
det,167472403,1,320,320,fp32,1,3,1228800,24,167235128,41808636,105,59,0,76,0,103,75,1,5,2736.0,2736.0
det,167472403,1,320,320,fp32,1,3,1228800,24,167235128,41808636,105,59,0,76,0,103,75,1,5,2736.0,2736.0
det,167472403,1,320,320,fp32,1,3,1228800,24,167235128,41808636,105,59,0,76,0,103,75,1,5,2736.0,2736.0
det,167472403,1,320,320,fp32,1,3,1228800,24,167235128,41808636,105,59,0,76,0,103,75,1,5,2736.0,2736.0
det,167472403,1,320,320,fp32,1,3,1228800,24,167235128,41808636,105,59,0,76,0,103,75,1,5,2737.0,2737.0
det,167472403,1,320,320,fp32,1,3,1228800,24,167235128,41808636,105,59,0,76,0,103,75,1,5,2737.0,2737.0
det,167472403,1,320,320,fp32,1,3,1228800,24,167235128,41808636,105,59,0,76,0,103,75,1,5,2737.0,2737.0
det,167472403,1,320,320,fp32,1,3,1228800,24,167235128,41808636,105,59,0,76,0,103,75,1,5,2737.0,2737.0
det,167472403,1,320,320,fp32,1,3,1228800,24,167235128,41808636,105,59,0,76,0,103,75,1,5,2737.0,2737.0
det,167472403,1,320,320,fp32,1,3,1228800,24,167235128,41808636,105,59,0,76,0,103,75,1,5,2737.0,2737.0
det,167472403,1,320,320,fp32,1,3,1228800,24,167235128,41808636,105,59,0,76,0,103,75,1,5,2737.0,2737.0
det,167472403,1,320,320,fp32,1,3,1228800,24,167235128,41808636,105,59,0,76,0,103,75,1,5,2737.0,2737.0
det,167472403,1,320,320,fp32,1,3,1228800,24,167235128,41808636,105,59,0,76,0,103,75,1,5,2737.0,2737.0
det,167472403,1,320,320,fp32,1,3,1228800,24,167235128,41808636,105,59,0,76,0,103,75,1,5,2737.0,2737.0
det,167472403,1,320,320,fp32,1,3,1228800,24,167235128,41808636,105,59,0,76,0,103,75,1,5,2737.0,2737.0
det,167472403,1,320,320,fp32,1,3,1228800,24,167235128,41808636,105,59,0,76,0,103,75,1,5,2736.0,2736.0
det,167472403,1,320,320,fp32,1,3,1228800,24,167235128,41808636,105,59,0,76,0,103,75,1,5,2736.0,2736.0
det,167472403,1,320,320,fp32,1,3,1228800,24,167235128,41808636,105,59,0,76,0,103,75,1,5,2736.0,2736.0
det,167472403,1,320,320,fp16,1,3,614400,12,167235128,41808636,105,59,0,76,0,103,75,1,5,2845.5,2847.0
det,167472403,1,320,320,fp16,1,3,614400,12,167235128,41808636,105,59,0,76,0,103,75,1,5,2852.0,2852.0
det,167472403,1,320,320,fp16,1,3,614400,12,167235128,41808636,105,59,0,76,0,103,75,1,5,2852.0,2852.0
det,167472403,1,320,320,fp16,1,3,614400,12,167235128,41808636,105,59,0,76,0,103,75,1,5,2852.0,2852.0
det,167472403,1,320,320,fp16,1,3,614400,12,167235128,41808636,105,59,0,76,0,103,75,1,5,2852.0,2852.0
det,167472403,1,320,320,fp16,1,3,614400,12,167235128,41808636,105,59,0,76,0,103,75,1,5,2852.0,2852.0
det,167472403,1,320,320,fp16,1,3,614400,12,167235128,41808636,105,59,0,76,0,103,75,1,5,2853.0,2853.0
det,167472403,1,320,320,fp16,1,3,614400,12,167235128,41808636,105,59,0,76,0,103,75,1,5,2853.0,2853.0
det,167472403,1,320,320,fp16,1,3,614400,12,167235128,41808636,105,59,0,76,0,103,75,1,5,2853.0,2853.0
det,167472403,1,320,320,fp16,1,3,614400,12,167235128,41808636,105,59,0,76,0,103,75,1,5,2853.0,2853.0
det,167472403,1,320,320,fp16,1,3,614400,12,167235128,41808636,105,59,0,76,0,103,75,1,5,2853.0,2853.0
det,167472403,1,320,320,fp16,1,3,614400,12,167235128,41808636,105,59,0,76,0,103,75,1,5,2853.0,2853.0
det,167472403,1,320,320,fp16,1,3,614400,12,167235128,41808636,105,59,0,76,0,103,75,1,5,2853.0,2853.0
det,167472403,1,320,320,fp16,1,3,614400,12,167235128,41808636,105,59,0,76,0,103,75,1,5,2853.0,2853.0
det,167472403,1,320,320,fp16,1,3,614400,12,167235128,41808636,105,59,0,76,0,103,75,1,5,2853.0,2853.0
det,167472403,1,320,320,fp16,1,3,614400,12,167235128,41808636,105,59,0,76,0,103,75,1,5,2853.0,2853.0
det,167472403,1,320,320,fp16,1,3,614400,12,167235128,41808636,105,59,0,76,0,103,75,1,5,2853.0,2853.0
det,167472403,1,320,320,fp16,1,3,614400,12,167235128,41808636,105,59,0,76,0,103,75,1,5,2853.0,2853.0
det,167472403,1,320,320,fp16,1,3,614400,12,167235128,41808636,105,59,0,76,0,103,75,1,5,2853.0,2853.0
det,167472403,1,320,320,fp16,1,3,614400,12,167235128,41808636,105,59,0,76,0,103,75,1,5,2853.0,2853.0
det,167472403,1,320,320,fp16,1,3,614400,12,167235128,41808636,105,59,0,76,0,103,75,1,5,2853.0,2853.0
det,167472403,1,320,320,fp16,1,3,614400,12,167235128,41808636,105,59,0,76,0,103,75,1,5,2853.0,2853.0
det,167472403,1,320,320,fp16,1,3,614400,12,167235128,41808636,105,59,0,76,0,103,75,1,5,2853.0,2853.0
det,167472403,1,320,320,fp16,1,3,614400,12,167235128,41808636,105,59,0,76,0,103,75,1,5,2853.0,2853.0
det,167472403,1,320,320,fp16,1,3,614400,12,167235128,41808636,105,59,0,76,0,103,75,1,5,2853.0,2853.0
det,167472403,1,320,320,fp16,1,3,614400,12,167235128,41808636,105,59,0,76,0,103,75,1,5,2853.0,2853.0
det,167472403,1,320,320,fp16,1,3,614400,12,167235128,41808636,105,59,0,76,0,103,75,1,5,2853.0,2853.0
det,167472403,1,320,320,fp16,1,3,614400,12,167235128,41808636,105,59,0,76,0,103,75,1,5,2853.0,2853.0
det,167472403,1,320,320,fp16,1,3,614400,12,167235128,41808636,105,59,0,76,0,103,75,1,5,2854.0,2854.0
det,167472403,1,320,320,fp16,1,3,614400,12,167235128,41808636,105,59,0,76,0,103,75,1,5,2854.0,2854.0
det,167472403,1,320,320,fp16,1,3,614400,12,167235128,41808636,105,59,0,76,0,103,75,1,5,2854.0,2854.0
det,136531405,1,320,320,fp32,1,3,1228800,24,136273584,34068355,114,56,0,111,0,123,67,5,2,2983.25,2985.0
det,136531405,1,320,320,fp32,1,3,1228800,24,136273584,34068355,114,56,0,111,0,123,67,5,2,2982.0,2982.0
det,136531405,1,320,320,fp32,1,3,1228800,24,136273584,34068355,114,56,0,111,0,123,67,5,2,2983.0,2983.0
det,136531405,1,320,320,fp32,1,3,1228800,24,136273584,34068355,114,56,0,111,0,123,67,5,2,2983.0,2983.0
det,136531405,1,320,320,fp32,1,3,1228800,24,136273584,34068355,114,56,0,111,0,123,67,5,2,2983.0,2983.0
det,136531405,1,320,320,fp32,1,3,1228800,24,136273584,34068355,114,56,0,111,0,123,67,5,2,2983.0,2983.0
det,136531405,1,320,320,fp32,1,3,1228800,24,136273584,34068355,114,56,0,111,0,123,67,5,2,2983.0,2983.0
det,136531405,1,320,320,fp32,1,3,1228800,24,136273584,34068355,114,56,0,111,0,123,67,5,2,2983.0,2983.0
det,136531405,1,320,320,fp32,1,3,1228800,24,136273584,34068355,114,56,0,111,0,123,67,5,2,2983.0,2983.0
det,136531405,1,320,320,fp32,1,3,1228800,24,136273584,34068355,114,56,0,111,0,123,67,5,2,2982.5,2983.0
det,136531405,1,320,320,fp32,1,3,1228800,24,136273584,34068355,114,56,0,111,0,123,67,5,2,2982.0,2982.0
det,136531405,1,320,320,fp32,1,3,1228800,24,136273584,34068355,114,56,0,111,0,123,67,5,2,2982.0,2982.0
det,136531405,1,320,320,fp32,1,3,1228800,24,136273584,34068355,114,56,0,111,0,123,67,5,2,2982.0,2982.0
det,136531405,1,320,320,fp32,1,3,1228800,24,136273584,34068355,114,56,0,111,0,123,67,5,2,2982.0,2982.0
det,136531405,1,320,320,fp32,1,3,1228800,24,136273584,34068355,114,56,0,111,0,123,67,5,2,2982.0,2982.0
det,136531405,1,320,320,fp32,1,3,1228800,24,136273584,34068355,114,56,0,111,0,123,67,5,2,2983.0,2983.0
det,136531405,1,320,320,fp32,1,3,1228800,24,136273584,34068355,114,56,0,111,0,123,67,5,2,2983.0,2983.0
det,136531405,1,320,320,fp32,1,3,1228800,24,136273584,34068355,114,56,0,111,0,123,67,5,2,2983.0,2983.0
det,136531405,1,320,320,fp32,1,3,1228800,24,136273584,34068355,114,56,0,111,0,123,67,5,2,2983.0,2983.0
det,136531405,1,320,320,fp32,1,3,1228800,24,136273584,34068355,114,56,0,111,0,123,67,5,2,2983.0,2983.0
det,136531405,1,320,320,fp32,1,3,1228800,24,136273584,34068355,114,56,0,111,0,123,67,5,2,2983.0,2983.0
det,136531405,1,320,320,fp32,1,3,1228800,24,136273584,34068355,114,56,0,111,0,123,67,5,2,2983.0,2983.0
det,136531405,1,320,320,fp32,1,3,1228800,24,136273584,34068355,114,56,0,111,0,123,67,5,2,2983.0,2983.0
det,136531405,1,320,320,fp32,1,3,1228800,24,136273584,34068355,114,56,0,111,0,123,67,5,2,2983.0,2983.0
det,136531405,1,320,320,fp32,1,3,1228800,24,136273584,34068355,114,56,0,111,0,123,67,5,2,2983.0,2983.0
det,136531405,1,320,320,fp32,1,3,1228800,24,136273584,34068355,114,56,0,111,0,123,67,5,2,2983.0,2983.0
det,136531405,1,320,320,fp32,1,3,1228800,24,136273584,34068355,114,56,0,111,0,123,67,5,2,2983.0,2983.0
det,136531405,1,320,320,fp32,1,3,1228800,24,136273584,34068355,114,56,0,111,0,123,67,5,2,2983.0,2983.0
det,136531405,1,320,320,fp32,1,3,1228800,24,136273584,34068355,114,56,0,111,0,123,67,5,2,2983.0,2983.0
det,136531405,1,320,320,fp32,1,3,1228800,24,136273584,34068355,114,56,0,111,0,123,67,5,2,2983.0,2983.0
det,136531405,1,320,320,fp32,1,3,1228800,24,136273584,34068355,114,56,0,111,0,123,67,5,2,2983.0,2983.0
det,136531405,1,320,320,fp16,1,3,614400,12,136273584,34068355,114,56,0,111,0,123,67,5,2,2949.0,2950.0
det,136531405,1,320,320,fp16,1,3,614400,12,136273584,34068355,114,56,0,111,0,123,67,5,2,2950.0,2950.0
det,136531405,1,320,320,fp16,1,3,614400,12,136273584,34068355,114,56,0,111,0,123,67,5,2,2950.0,2950.0
det,136531405,1,320,320,fp16,1,3,614400,12,136273584,34068355,114,56,0,111,0,123,67,5,2,2951.0,2951.0
det,136531405,1,320,320,fp16,1,3,614400,12,136273584,34068355,114,56,0,111,0,123,67,5,2,2951.0,2951.0
det,136531405,1,320,320,fp16,1,3,614400,12,136273584,34068355,114,56,0,111,0,123,67,5,2,2951.0,2951.0
det,136531405,1,320,320,fp16,1,3,614400,12,136273584,34068355,114,56,0,111,0,123,67,5,2,2951.0,2951.0
det,136531405,1,320,320,fp16,1,3,614400,12,136273584,34068355,114,56,0,111,0,123,67,5,2,2951.0,2951.0
det,136531405,1,320,320,fp16,1,3,614400,12,136273584,34068355,114,56,0,111,0,123,67,5,2,2951.0,2951.0
det,136531405,1,320,320,fp16,1,3,614400,12,136273584,34068355,114,56,0,111,0,123,67,5,2,2951.0,2951.0
det,136531405,1,320,320,fp16,1,3,614400,12,136273584,34068355,114,56,0,111,0,123,67,5,2,2951.0,2951.0
det,136531405,1,320,320,fp16,1,3,614400,12,136273584,34068355,114,56,0,111,0,123,67,5,2,2951.0,2951.0
det,136531405,1,320,320,fp16,1,3,614400,12,136273584,34068355,114,56,0,111,0,123,67,5,2,2951.0,2951.0
det,136531405,1,320,320,fp16,1,3,614400,12,136273584,34068355,114,56,0,111,0,123,67,5,2,2951.0,2951.0
det,136531405,1,320,320,fp16,1,3,614400,12,136273584,34068355,114,56,0,111,0,123,67,5,2,2951.0,2951.0
det,136531405,1,320,320,fp16,1,3,614400,12,136273584,34068355,114,56,0,111,0,123,67,5,2,2951.0,2951.0
det,136531405,1,320,320,fp16,1,3,614400,12,136273584,34068355,114,56,0,111,0,123,67,5,2,2951.0,2951.0
det,136531405,1,320,320,fp16,1,3,614400,12,136273584,34068355,114,56,0,111,0,123,67,5,2,2951.0,2951.0
det,136531405,1,320,320,fp16,1,3,614400,12,136273584,34068355,114,56,0,111,0,123,67,5,2,2951.0,2951.0
det,136531405,1,320,320,fp16,1,3,614400,12,136273584,34068355,114,56,0,111,0,123,67,5,2,2951.0,2951.0
det,136531405,1,320,320,fp16,1,3,614400,12,136273584,34068355,114,56,0,111,0,123,67,5,2,2951.0,2951.0
det,136531405,1,320,320,fp16,1,3,614400,12,136273584,34068355,114,56,0,111,0,123,67,5,2,2951.0,2951.0
det,136531405,1,320,320,fp16,1,3,614400,12,136273584,34068355,114,56,0,111,0,123,67,5,2,2951.0,2951.0
det,136531405,1,320,320,fp16,1,3,614400,12,136273584,34068355,114,56,0,111,0,123,67,5,2,2951.0,2951.0
det,136531405,1,320,320,fp16,1,3,614400,12,136273584,34068355,114,56,0,111,0,123,67,5,2,2951.0,2951.0
det,136531405,1,320,320,fp16,1,3,614400,12,136273584,34068355,114,56,0,111,0,123,67,5,2,2951.0,2951.0
det,136531405,1,320,320,fp16,1,3,614400,12,136273584,34068355,114,56,0,111,0,123,67,5,2,2951.0,2951.0
det,136531405,1,320,320,fp16,1,3,614400,12,136273584,34068355,114,56,0,111,0,123,67,5,2,2951.0,2951.0
det,136531405,1,320,320,fp16,1,3,614400,12,136273584,34068355,114,56,0,111,0,123,67,5,2,2951.0,2951.0
det,136531405,1,320,320,fp16,1,3,614400,12,136273584,34068355,114,56,0,111,0,123,67,5,2,2951.0,2951.0
det,136531405,1,320,320,fp16,1,3,614400,12,136273584,34068355,114,56,0,111,0,123,67,5,2,2951.0,2951.0
pose,237045477,1,320,320,fp32,1,5,1228800,3876,236762341,59190527,107,68,0,84,0,106,79,1,5,3456.3478260869565,3458.0
pose,237045477,1,320,320,fp32,1,5,1228800,3876,236762341,59190527,107,68,0,84,0,106,79,1,5,3456.0,3456.0
pose,237045477,1,320,320,fp32,1,5,1228800,3876,236762341,59190527,107,68,0,84,0,106,79,1,5,3456.0,3456.0
pose,237045477,1,320,320,fp32,1,5,1228800,3876,236762341,59190527,107,68,0,84,0,106,79,1,5,3456.0,3456.0
pose,237045477,1,320,320,fp32,1,5,1228800,3876,236762341,59190527,107,68,0,84,0,106,79,1,5,3456.0,3456.0
pose,237045477,1,320,320,fp32,1,5,1228800,3876,236762341,59190527,107,68,0,84,0,106,79,1,5,3457.0,3457.0
pose,237045477,1,320,320,fp32,1,5,1228800,3876,236762341,59190527,107,68,0,84,0,106,79,1,5,3457.0,3457.0
pose,237045477,1,320,320,fp32,1,5,1228800,3876,236762341,59190527,107,68,0,84,0,106,79,1,5,3457.0,3457.0
pose,237045477,1,320,320,fp32,1,5,1228800,3876,236762341,59190527,107,68,0,84,0,106,79,1,5,3457.0,3457.0
pose,237045477,1,320,320,fp32,1,5,1228800,3876,236762341,59190527,107,68,0,84,0,106,79,1,5,3457.0,3457.0
pose,237045477,1,320,320,fp32,1,5,1228800,3876,236762341,59190527,107,68,0,84,0,106,79,1,5,3457.0,3457.0
pose,237045477,1,320,320,fp32,1,5,1228800,3876,236762341,59190527,107,68,0,84,0,106,79,1,5,3457.0,3457.0
pose,237045477,1,320,320,fp32,1,5,1228800,3876,236762341,59190527,107,68,0,84,0,106,79,1,5,3457.0,3457.0
pose,237045477,1,320,320,fp32,1,5,1228800,3876,236762341,59190527,107,68,0,84,0,106,79,1,5,3457.0,3457.0
pose,237045477,1,320,320,fp32,1,5,1228800,3876,236762341,59190527,107,68,0,84,0,106,79,1,5,3457.0,3457.0
pose,237045477,1,320,320,fp32,1,5,1228800,3876,236762341,59190527,107,68,0,84,0,106,79,1,5,3457.0,3457.0
pose,237045477,1,320,320,fp32,1,5,1228800,3876,236762341,59190527,107,68,0,84,0,106,79,1,5,3457.0,3457.0
pose,237045477,1,320,320,fp32,1,5,1228800,3876,236762341,59190527,107,68,0,84,0,106,79,1,5,3457.0,3457.0
pose,237045477,1,320,320,fp32,1,5,1228800,3876,236762341,59190527,107,68,0,84,0,106,79,1,5,3459.0,3464.0
pose,237045477,1,320,320,fp32,1,5,1228800,3876,236762341,59190527,107,68,0,84,0,106,79,1,5,3464.0,3464.0
pose,237045477,1,320,320,fp32,1,5,1228800,3876,236762341,59190527,107,68,0,84,0,106,79,1,5,3465.0,3465.0
pose,237045477,1,320,320,fp32,1,5,1228800,3876,236762341,59190527,107,68,0,84,0,106,79,1,5,3465.0,3465.0
pose,237045477,1,320,320,fp32,1,5,1228800,3876,236762341,59190527,107,68,0,84,0,106,79,1,5,3446.3571428571427,3465.0
pose,237045477,1,320,320,fp32,1,5,1228800,3876,236762341,59190527,107,68,0,84,0,106,79,1,5,3446.214285714286,3447.0
pose,237045477,1,320,320,fp32,1,5,1228800,3876,236762341,59190527,107,68,0,84,0,106,79,1,5,3447.0,3447.0
pose,237045477,1,320,320,fp32,1,5,1228800,3876,236762341,59190527,107,68,0,84,0,106,79,1,5,3447.0,3447.0
pose,237045477,1,320,320,fp32,1,5,1228800,3876,236762341,59190527,107,68,0,84,0,106,79,1,5,3447.0,3447.0
pose,237045477,1,320,320,fp32,1,5,1228800,3876,236762341,59190527,107,68,0,84,0,106,79,1,5,3447.0,3447.0
pose,237045477,1,320,320,fp32,1,5,1228800,3876,236762341,59190527,107,68,0,84,0,106,79,1,5,3448.0,3448.0
pose,237045477,1,320,320,fp32,1,5,1228800,3876,236762341,59190527,107,68,0,84,0,106,79,1,5,3448.0,3448.0
pose,237045477,1,320,320,fp32,1,5,1228800,3876,236762341,59190527,107,68,0,84,0,106,79,1,5,3448.0,3448.0
pose,237045477,1,320,320,fp16,1,5,614400,1938,236762341,59190527,107,68,0,84,0,106,79,1,5,3387.1,3388.0
pose,237045477,1,320,320,fp16,1,5,614400,1938,236762341,59190527,107,68,0,84,0,106,79,1,5,3387.0,3387.0
pose,237045477,1,320,320,fp16,1,5,614400,1938,236762341,59190527,107,68,0,84,0,106,79,1,5,3388.0,3388.0
pose,237045477,1,320,320,fp16,1,5,614400,1938,236762341,59190527,107,68,0,84,0,106,79,1,5,3388.0,3388.0
pose,237045477,1,320,320,fp16,1,5,614400,1938,236762341,59190527,107,68,0,84,0,106,79,1,5,3388.0,3388.0
pose,237045477,1,320,320,fp16,1,5,614400,1938,236762341,59190527,107,68,0,84,0,106,79,1,5,3388.0,3388.0
pose,237045477,1,320,320,fp16,1,5,614400,1938,236762341,59190527,107,68,0,84,0,106,79,1,5,3388.0,3388.0
pose,237045477,1,320,320,fp16,1,5,614400,1938,236762341,59190527,107,68,0,84,0,106,79,1,5,3388.0,3388.0
pose,237045477,1,320,320,fp16,1,5,614400,1938,236762341,59190527,107,68,0,84,0,106,79,1,5,3388.0,3388.0
pose,237045477,1,320,320,fp16,1,5,614400,1938,236762341,59190527,107,68,0,84,0,106,79,1,5,3389.0,3389.0
pose,237045477,1,320,320,fp16,1,5,614400,1938,236762341,59190527,107,68,0,84,0,106,79,1,5,3389.0,3389.0
pose,237045477,1,320,320,fp16,1,5,614400,1938,236762341,59190527,107,68,0,84,0,106,79,1,5,3389.0,3389.0
pose,237045477,1,320,320,fp16,1,5,614400,1938,236762341,59190527,107,68,0,84,0,106,79,1,5,3389.0,3389.0
pose,237045477,1,320,320,fp16,1,5,614400,1938,236762341,59190527,107,68,0,84,0,106,79,1,5,3389.0,3389.0
pose,237045477,1,320,320,fp16,1,5,614400,1938,236762341,59190527,107,68,0,84,0,106,79,1,5,3389.0,3389.0
pose,237045477,1,320,320,fp16,1,5,614400,1938,236762341,59190527,107,68,0,84,0,106,79,1,5,3389.0,3389.0
pose,237045477,1,320,320,fp16,1,5,614400,1938,236762341,59190527,107,68,0,84,0,106,79,1,5,3389.0,3389.0
pose,237045477,1,320,320,fp16,1,5,614400,1938,236762341,59190527,107,68,0,84,0,106,79,1,5,3389.0,3389.0
pose,237045477,1,320,320,fp16,1,5,614400,1938,236762341,59190527,107,68,0,84,0,106,79,1,5,3389.0,3389.0
pose,237045477,1,320,320,fp16,1,5,614400,1938,236762341,59190527,107,68,0,84,0,106,79,1,5,3389.0,3389.0
pose,237045477,1,320,320,fp16,1,5,614400,1938,236762341,59190527,107,68,0,84,0,106,79,1,5,3389.0,3389.0
pose,237045477,1,320,320,fp16,1,5,614400,1938,236762341,59190527,107,68,0,84,0,106,79,1,5,3389.0,3389.0
pose,237045477,1,320,320,fp16,1,5,614400,1938,236762341,59190527,107,68,0,84,0,106,79,1,5,3389.0,3389.0
pose,237045477,1,320,320,fp16,1,5,614400,1938,236762341,59190527,107,68,0,84,0,106,79,1,5,3389.0,3389.0
pose,237045477,1,320,320,fp16,1,5,614400,1938,236762341,59190527,107,68,0,84,0,106,79,1,5,3390.8,3392.0
pose,237045477,1,320,320,fp16,1,5,614400,1938,236762341,59190527,107,68,0,84,0,106,79,1,5,3392.0,3392.0
pose,237045477,1,320,320,fp16,1,5,614400,1938,236762341,59190527,107,68,0,84,0,106,79,1,5,3392.0,3392.0
pose,237045477,1,320,320,fp16,1,5,614400,1938,236762341,59190527,107,68,0,84,0,106,79,1,5,3392.0,3392.0
pose,237045477,1,320,320,fp16,1,5,614400,1938,236762341,59190527,107,68,0,84,0,106,79,1,5,3392.0,3392.0
pose,237045477,1,320,320,fp16,1,5,614400,1938,236762341,59190527,107,68,0,84,0,106,79,1,5,3392.0,3392.0
pose,237045477,1,320,320,fp16,1,5,614400,1938,236762341,59190527,107,68,0,84,0,106,79,1,5,3392.0,3392.0
seg,178106304,1,320,320,fp32,1,4,1228800,1228824,177819637,44454754,113,68,0,81,0,111,80,2,5,3615.0,3615.0
seg,178106304,1,320,320,fp32,1,4,1228800,1228824,177819637,44454754,113,68,0,81,0,111,80,2,5,3615.0,3615.0
seg,178106304,1,320,320,fp32,1,4,1228800,1228824,177819637,44454754,113,68,0,81,0,111,80,2,5,3615.0,3615.0
seg,178106304,1,320,320,fp32,1,4,1228800,1228824,177819637,44454754,113,68,0,81,0,111,80,2,5,3615.0,3615.0
seg,178106304,1,320,320,fp32,1,4,1228800,1228824,177819637,44454754,113,68,0,81,0,111,80,2,5,3615.0,3615.0
seg,178106304,1,320,320,fp32,1,4,1228800,1228824,177819637,44454754,113,68,0,81,0,111,80,2,5,3615.0,3615.0
seg,178106304,1,320,320,fp32,1,4,1228800,1228824,177819637,44454754,113,68,0,81,0,111,80,2,5,3615.0,3615.0
seg,178106304,1,320,320,fp32,1,4,1228800,1228824,177819637,44454754,113,68,0,81,0,111,80,2,5,3615.0,3615.0
seg,178106304,1,320,320,fp32,1,4,1228800,1228824,177819637,44454754,113,68,0,81,0,111,80,2,5,3615.0,3615.0
seg,178106304,1,320,320,fp32,1,4,1228800,1228824,177819637,44454754,113,68,0,81,0,111,80,2,5,3616.0,3616.0
seg,178106304,1,320,320,fp32,1,4,1228800,1228824,177819637,44454754,113,68,0,81,0,111,80,2,5,3616.0,3616.0
seg,178106304,1,320,320,fp32,1,4,1228800,1228824,177819637,44454754,113,68,0,81,0,111,80,2,5,3618.090909090909,3620.0
seg,178106304,1,320,320,fp32,1,4,1228800,1228824,177819637,44454754,113,68,0,81,0,111,80,2,5,3620.090909090909,3621.0
seg,178106304,1,320,320,fp32,1,4,1228800,1228824,177819637,44454754,113,68,0,81,0,111,80,2,5,3621.0,3621.0
seg,178106304,1,320,320,fp32,1,4,1228800,1228824,177819637,44454754,113,68,0,81,0,111,80,2,5,3621.0,3621.0
seg,178106304,1,320,320,fp32,1,4,1228800,1228824,177819637,44454754,113,68,0,81,0,111,80,2,5,3621.0,3621.0
seg,178106304,1,320,320,fp32,1,4,1228800,1228824,177819637,44454754,113,68,0,81,0,111,80,2,5,3621.0,3621.0
seg,178106304,1,320,320,fp32,1,4,1228800,1228824,177819637,44454754,113,68,0,81,0,111,80,2,5,3621.0,3621.0
seg,178106304,1,320,320,fp32,1,4,1228800,1228824,177819637,44454754,113,68,0,81,0,111,80,2,5,3621.0,3621.0
seg,178106304,1,320,320,fp32,1,4,1228800,1228824,177819637,44454754,113,68,0,81,0,111,80,2,5,3621.0,3621.0
seg,178106304,1,320,320,fp32,1,4,1228800,1228824,177819637,44454754,113,68,0,81,0,111,80,2,5,3621.0,3621.0
seg,178106304,1,320,320,fp32,1,4,1228800,1228824,177819637,44454754,113,68,0,81,0,111,80,2,5,3621.0,3621.0
seg,178106304,1,320,320,fp32,1,4,1228800,1228824,177819637,44454754,113,68,0,81,0,111,80,2,5,3621.0,3621.0
seg,178106304,1,320,320,fp32,1,4,1228800,1228824,177819637,44454754,113,68,0,81,0,111,80,2,5,3621.0,3621.0
seg,178106304,1,320,320,fp32,1,4,1228800,1228824,177819637,44454754,113,68,0,81,0,111,80,2,5,3621.0,3621.0
seg,178106304,1,320,320,fp32,1,4,1228800,1228824,177819637,44454754,113,68,0,81,0,111,80,2,5,3621.0,3621.0
seg,178106304,1,320,320,fp32,1,4,1228800,1228824,177819637,44454754,113,68,0,81,0,111,80,2,5,3621.0,3621.0
seg,178106304,1,320,320,fp32,1,4,1228800,1228824,177819637,44454754,113,68,0,81,0,111,80,2,5,3621.0,3621.0
seg,178106304,1,320,320,fp32,1,4,1228800,1228824,177819637,44454754,113,68,0,81,0,111,80,2,5,3621.0,3621.0
seg,178106304,1,320,320,fp32,1,4,1228800,1228824,177819637,44454754,113,68,0,81,0,111,80,2,5,3621.0,3621.0
seg,178106304,1,320,320,fp32,1,4,1228800,1228824,177819637,44454754,113,68,0,81,0,111,80,2,5,3621.0,3621.0
seg,178106304,1,320,320,fp16,1,4,614400,614412,177819637,44454754,113,68,0,81,0,111,80,2,5,3623.222222222222,3625.0
seg,178106304,1,320,320,fp16,1,4,614400,614412,177819637,44454754,113,68,0,81,0,111,80,2,5,3625.0,3625.0
seg,178106304,1,320,320,fp16,1,4,614400,614412,177819637,44454754,113,68,0,81,0,111,80,2,5,3625.0,3625.0
seg,178106304,1,320,320,fp16,1,4,614400,614412,177819637,44454754,113,68,0,81,0,111,80,2,5,3625.0,3625.0
seg,178106304,1,320,320,fp16,1,4,614400,614412,177819637,44454754,113,68,0,81,0,111,80,2,5,3625.0,3625.0
seg,178106304,1,320,320,fp16,1,4,614400,614412,177819637,44454754,113,68,0,81,0,111,80,2,5,3626.0,3626.0
seg,178106304,1,320,320,fp16,1,4,614400,614412,177819637,44454754,113,68,0,81,0,111,80,2,5,3626.0,3626.0
seg,178106304,1,320,320,fp16,1,4,614400,614412,177819637,44454754,113,68,0,81,0,111,80,2,5,3626.0,3626.0
seg,178106304,1,320,320,fp16,1,4,614400,614412,177819637,44454754,113,68,0,81,0,111,80,2,5,3626.0,3626.0
seg,178106304,1,320,320,fp16,1,4,614400,614412,177819637,44454754,113,68,0,81,0,111,80,2,5,3626.0,3626.0
seg,178106304,1,320,320,fp16,1,4,614400,614412,177819637,44454754,113,68,0,81,0,111,80,2,5,3626.0,3626.0
seg,178106304,1,320,320,fp16,1,4,614400,614412,177819637,44454754,113,68,0,81,0,111,80,2,5,3626.0,3626.0
seg,178106304,1,320,320,fp16,1,4,614400,614412,177819637,44454754,113,68,0,81,0,111,80,2,5,3625.0,3625.0
seg,178106304,1,320,320,fp16,1,4,614400,614412,177819637,44454754,113,68,0,81,0,111,80,2,5,3625.0,3625.0
seg,178106304,1,320,320,fp16,1,4,614400,614412,177819637,44454754,113,68,0,81,0,111,80,2,5,3626.0,3626.0
seg,178106304,1,320,320,fp16,1,4,614400,614412,177819637,44454754,113,68,0,81,0,111,80,2,5,3626.0,3626.0
seg,178106304,1,320,320,fp16,1,4,614400,614412,177819637,44454754,113,68,0,81,0,111,80,2,5,3625.0,3625.0
seg,178106304,1,320,320,fp16,1,4,614400,614412,177819637,44454754,113,68,0,81,0,111,80,2,5,3625.625,3626.0
seg,178106304,1,320,320,fp16,1,4,614400,614412,177819637,44454754,113,68,0,81,0,111,80,2,5,3625.0,3625.0
seg,178106304,1,320,320,fp16,1,4,614400,614412,177819637,44454754,113,68,0,81,0,111,80,2,5,3625.0,3625.0
seg,178106304,1,320,320,fp16,1,4,614400,614412,177819637,44454754,113,68,0,81,0,111,80,2,5,3625.0,3625.0
seg,178106304,1,320,320,fp16,1,4,614400,614412,177819637,44454754,113,68,0,81,0,111,80,2,5,3625.0,3625.0
seg,178106304,1,320,320,fp16,1,4,614400,614412,177819637,44454754,113,68,0,81,0,111,80,2,5,3625.0,3625.0
seg,178106304,1,320,320,fp16,1,4,614400,614412,177819637,44454754,113,68,0,81,0,111,80,2,5,3625.0,3625.0
seg,178106304,1,320,320,fp16,1,4,614400,614412,177819637,44454754,113,68,0,81,0,111,80,2,5,3625.0,3625.0
seg,178106304,1,320,320,fp16,1,4,614400,614412,177819637,44454754,113,68,0,81,0,111,80,2,5,3625.0,3625.0
seg,178106304,1,320,320,fp16,1,4,614400,614412,177819637,44454754,113,68,0,81,0,111,80,2,5,3625.0,3625.0
seg,178106304,1,320,320,fp16,1,4,614400,614412,177819637,44454754,113,68,0,81,0,111,80,2,5,3625.0,3625.0
seg,178106304,1,320,320,fp16,1,4,614400,614412,177819637,44454754,113,68,0,81,0,111,80,2,5,3625.0,3625.0
seg,178106304,1,320,320,fp16,1,4,614400,614412,177819637,44454754,113,68,0,81,0,111,80,2,5,3625.0,3625.0
seg,178106304,1,320,320,fp16,1,4,614400,614412,177819637,44454754,113,68,0,81,0,111,80,2,5,3625.0,3625.0
